,Magnitude,Time
1970-01-02 00:00:00,0.16129032258064516,1970-01-02 00:00:00
1970-01-02 00:01:00,0.09818181818181818,1970-01-02 00:01:00
1970-01-02 00:02:00,0.10661764705882353,1970-01-02 00:02:00
1970-01-02 00:03:00,0.12639405204460966,1970-01-02 00:03:00
1970-01-02 00:04:00,0.13026819923371646,1970-01-02 00:04:00
1970-01-02 00:05:00,0.11721611721611722,1970-01-02 00:05:00
1970-01-02 00:06:00,0.125,1970-01-02 00:06:00
1970-01-02 00:07:00,0.1111111111111111,1970-01-02 00:07:00
1970-01-02 00:08:00,0.13405797101449277,1970-01-02 00:08:00
1970-01-02 00:09:00,0.12544802867383512,1970-01-02 00:09:00
1970-01-02 00:10:00,0.14937759336099585,1970-01-02 00:10:00
1970-01-02 00:11:00,0.12142857142857143,1970-01-02 00:11:00
1970-01-02 00:12:00,0.12544802867383512,1970-01-02 00:12:00
1970-01-02 00:13:00,0.1811320754716981,1970-01-02 00:13:00
1970-01-02 00:14:00,0.13138686131386862,1970-01-02 00:14:00
1970-01-02 00:15:00,0.11971830985915492,1970-01-02 00:15:00
1970-01-02 00:16:00,0.1282051282051282,1970-01-02 00:16:00
1970-01-02 00:17:00,0.1520912547528517,1970-01-02 00:17:00
1970-01-02 00:18:00,0.1310344827586207,1970-01-02 00:18:00
1970-01-02 00:19:00,0.09876543209876543,1970-01-02 00:19:00
1970-01-02 00:20:00,0.12840466926070038,1970-01-02 00:20:00
1970-01-02 00:21:00,0.15725806451612903,1970-01-02 00:21:00
1970-01-02 00:22:00,0.15413533834586465,1970-01-02 00:22:00
1970-01-02 00:23:00,0.0959409594095941,1970-01-02 00:23:00
1970-01-02 00:24:00,0.1,1970-01-02 00:24:00
1970-01-02 00:25:00,0.0912863070539419,1970-01-02 00:25:00
1970-01-02 00:26:00,0.11494252873563218,1970-01-02 00:26:00
1970-01-02 00:27:00,0.10561056105610561,1970-01-02 00:27:00
1970-01-02 00:28:00,0.10580204778156997,1970-01-02 00:28:00
1970-01-02 00:29:00,0.14741035856573706,1970-01-02 00:29:00
1970-01-02 00:30:00,0.15355805243445692,1970-01-02 00:30:00
1970-01-02 00:31:00,0.09252669039145907,1970-01-02 00:31:00
1970-01-02 00:32:00,0.15384615384615385,1970-01-02 00:32:00
1970-01-02 00:33:00,0.0989010989010989,1970-01-02 00:33:00
1970-01-02 00:34:00,0.11764705882352941,1970-01-02 00:34:00
1970-01-02 00:35:00,0.11851851851851852,1970-01-02 00:35:00
1970-01-02 00:36:00,0.12,1970-01-02 00:36:00
1970-01-02 00:37:00,0.13008130081300814,1970-01-02 00:37:00
1970-01-02 00:38:00,0.11846689895470383,1970-01-02 00:38:00
1970-01-02 00:39:00,0.1111111111111111,1970-01-02 00:39:00
1970-01-02 00:40:00,0.1556420233463035,1970-01-02 00:40:00
1970-01-02 00:41:00,0.12452830188679245,1970-01-02 00:41:00
1970-01-02 00:42:00,0.0948905109489051,1970-01-02 00:42:00
1970-01-02 00:43:00,0.11895910780669144,1970-01-02 00:43:00
1970-01-02 00:44:00,0.14122137404580154,1970-01-02 00:44:00
1970-01-02 00:45:00,0.09795918367346938,1970-01-02 00:45:00
1970-01-02 00:46:00,0.16129032258064516,1970-01-02 00:46:00
1970-01-02 00:47:00,0.13095238095238096,1970-01-02 00:47:00
1970-01-02 00:48:00,0.12363636363636364,1970-01-02 00:48:00
1970-01-02 00:49:00,0.1263537906137184,1970-01-02 00:49:00
1970-01-02 00:50:00,0.1213235294117647,1970-01-02 00:50:00
1970-01-02 00:51:00,0.10561056105610561,1970-01-02 00:51:00
1970-01-02 00:52:00,0.1387900355871886,1970-01-02 00:52:00
1970-01-02 00:53:00,0.11272727272727273,1970-01-02 00:53:00
1970-01-02 00:54:00,0.10507246376811594,1970-01-02 00:54:00
1970-01-02 00:55:00,0.11152416356877323,1970-01-02 00:55:00
1970-01-02 00:56:00,0.09053497942386832,1970-01-02 00:56:00
1970-01-02 00:57:00,0.16015625,1970-01-02 00:57:00
1970-01-02 00:58:00,0.12878787878787878,1970-01-02 00:58:00
1970-01-02 00:59:00,0.13059701492537312,1970-01-02 00:59:00
1970-01-02 01:00:00,0.12260536398467432,1970-01-02 01:00:00
1970-01-02 01:01:00,0.18532818532818532,1970-01-02 01:01:00
1970-01-02 01:02:00,0.16182572614107885,1970-01-02 01:02:00
1970-01-02 01:03:00,0.16793893129770993,1970-01-02 01:03:00
1970-01-02 01:04:00,0.16101694915254236,1970-01-02 01:04:00
1970-01-02 01:05:00,0.1417910447761194,1970-01-02 01:05:00
1970-01-02 01:06:00,0.11885245901639344,1970-01-02 01:06:00
1970-01-02 01:07:00,0.10964912280701754,1970-01-02 01:07:00
1970-01-02 01:08:00,0.109375,1970-01-02 01:08:00
1970-01-02 01:09:00,0.10583941605839416,1970-01-02 01:09:00
1970-01-02 01:10:00,0.17105263157894737,1970-01-02 01:10:00
1970-01-02 01:11:00,0.13385826771653545,1970-01-02 01:11:00
1970-01-02 01:12:00,0.09454545454545454,1970-01-02 01:12:00
1970-01-02 01:13:00,0.15503875968992248,1970-01-02 01:13:00
1970-01-02 01:14:00,0.1524163568773234,1970-01-02 01:14:00
1970-01-02 01:15:00,0.1638655462184874,1970-01-02 01:15:00
1970-01-02 01:16:00,0.1285140562248996,1970-01-02 01:16:00
1970-01-02 01:17:00,0.14345991561181434,1970-01-02 01:17:00
1970-01-02 01:18:00,0.13253012048192772,1970-01-02 01:18:00
1970-01-02 01:19:00,0.1518987341772152,1970-01-02 01:19:00
1970-01-02 01:20:00,0.12598425196850394,1970-01-02 01:20:00
1970-01-02 01:21:00,0.10305343511450382,1970-01-02 01:21:00
1970-01-02 01:22:00,0.13533834586466165,1970-01-02 01:22:00
1970-01-02 01:23:00,0.12927756653992395,1970-01-02 01:23:00
1970-01-02 01:24:00,0.11742424242424243,1970-01-02 01:24:00
1970-01-02 01:25:00,0.12709030100334448,1970-01-02 01:25:00
1970-01-02 01:26:00,0.1487603305785124,1970-01-02 01:26:00
1970-01-02 01:27:00,0.08455882352941177,1970-01-02 01:27:00
1970-01-02 01:28:00,0.10943396226415095,1970-01-02 01:28:00
1970-01-02 01:29:00,0.08914728682170543,1970-01-02 01:29:00
1970-01-02 01:30:00,0.13793103448275862,1970-01-02 01:30:00
1970-01-02 01:31:00,0.11583011583011583,1970-01-02 01:31:00
1970-01-02 01:32:00,0.09448818897637795,1970-01-02 01:32:00
1970-01-02 01:33:00,0.15294117647058825,1970-01-02 01:33:00
1970-01-02 01:34:00,0.1450381679389313,1970-01-02 01:34:00
1970-01-02 01:35:00,0.16216216216216217,1970-01-02 01:35:00
1970-01-02 01:36:00,0.12692307692307692,1970-01-02 01:36:00
1970-01-02 01:37:00,0.13725490196078433,1970-01-02 01:37:00
1970-01-02 01:38:00,0.08960573476702509,1970-01-02 01:38:00
1970-01-02 01:39:00,0.15289256198347106,1970-01-02 01:39:00
1970-01-02 01:40:00,0.09821428571428571,1970-01-02 01:40:00
1970-01-02 01:41:00,0.16071428571428573,1970-01-02 01:41:00
1970-01-02 01:42:00,0.09349593495934959,1970-01-02 01:42:00
1970-01-02 01:43:00,0.1744186046511628,1970-01-02 01:43:00
1970-01-02 01:44:00,0.14545454545454545,1970-01-02 01:44:00
1970-01-02 01:45:00,0.10526315789473684,1970-01-02 01:45:00
1970-01-02 01:46:00,0.100418410041841,1970-01-02 01:46:00
1970-01-02 01:47:00,0.11814345991561181,1970-01-02 01:47:00
1970-01-02 01:48:00,0.13636363636363635,1970-01-02 01:48:00
1970-01-02 01:49:00,0.12345679012345678,1970-01-02 01:49:00
1970-01-02 01:50:00,0.18055555555555555,1970-01-02 01:50:00
1970-01-02 01:51:00,0.12015503875968993,1970-01-02 01:51:00
1970-01-02 01:52:00,0.10833333333333334,1970-01-02 01:52:00
1970-01-02 01:53:00,0.16810344827586207,1970-01-02 01:53:00
1970-01-02 01:54:00,0.11272727272727273,1970-01-02 01:54:00
1970-01-02 01:55:00,0.11406844106463879,1970-01-02 01:55:00
1970-01-02 01:56:00,0.13108614232209737,1970-01-02 01:56:00
1970-01-02 01:57:00,0.12749003984063745,1970-01-02 01:57:00
1970-01-02 01:58:00,0.128099173553719,1970-01-02 01:58:00
1970-01-02 01:59:00,0.15178571428571427,1970-01-02 01:59:00
1970-01-02 02:00:00,0.11583011583011583,1970-01-02 02:00:00
1970-01-02 02:01:00,0.13805970149253732,1970-01-02 02:01:00
1970-01-02 02:02:00,0.1322314049586777,1970-01-02 02:02:00
1970-01-02 02:03:00,0.12017167381974249,1970-01-02 02:03:00
1970-01-02 02:04:00,0.16143497757847533,1970-01-02 02:04:00
1970-01-02 02:05:00,0.11152416356877323,1970-01-02 02:05:00
1970-01-02 02:06:00,0.13304721030042918,1970-01-02 02:06:00
1970-01-02 02:07:00,0.12547528517110265,1970-01-02 02:07:00
1970-01-02 02:08:00,0.14957264957264957,1970-01-02 02:08:00
1970-01-02 02:09:00,0.09361702127659574,1970-01-02 02:09:00
1970-01-02 02:10:00,0.19658119658119658,1970-01-02 02:10:00
1970-01-02 02:11:00,0.11203319502074689,1970-01-02 02:11:00
1970-01-02 02:12:00,0.1306122448979592,1970-01-02 02:12:00
1970-01-02 02:13:00,0.12781954887218044,1970-01-02 02:13:00
1970-01-02 02:14:00,0.09961685823754789,1970-01-02 02:14:00
1970-01-02 02:15:00,0.1532567049808429,1970-01-02 02:15:00
1970-01-02 02:16:00,0.14909090909090908,1970-01-02 02:16:00
1970-01-02 02:17:00,0.1553030303030303,1970-01-02 02:17:00
1970-01-02 02:18:00,0.13924050632911392,1970-01-02 02:18:00
1970-01-02 02:19:00,0.14942528735632185,1970-01-02 02:19:00
1970-01-02 02:20:00,0.13934426229508196,1970-01-02 02:20:00
1970-01-02 02:21:00,0.1541501976284585,1970-01-02 02:21:00
1970-01-02 02:22:00,0.1589958158995816,1970-01-02 02:22:00
1970-01-02 02:23:00,0.11065573770491803,1970-01-02 02:23:00
1970-01-02 02:24:00,0.15384615384615385,1970-01-02 02:24:00
1970-01-02 02:25:00,0.13438735177865613,1970-01-02 02:25:00
1970-01-02 02:26:00,0.13253012048192772,1970-01-02 02:26:00
1970-01-02 02:27:00,0.10843373493975904,1970-01-02 02:27:00
1970-01-02 02:28:00,0.13028169014084506,1970-01-02 02:28:00
1970-01-02 02:29:00,0.12318840579710146,1970-01-02 02:29:00
1970-01-02 02:30:00,0.13157894736842105,1970-01-02 02:30:00
1970-01-02 02:31:00,0.17269076305220885,1970-01-02 02:31:00
1970-01-02 02:32:00,0.13168724279835392,1970-01-02 02:32:00
1970-01-02 02:33:00,0.14583333333333334,1970-01-02 02:33:00
1970-01-02 02:34:00,0.10894941634241245,1970-01-02 02:34:00
1970-01-02 02:35:00,0.1206896551724138,1970-01-02 02:35:00
1970-01-02 02:36:00,0.09642857142857143,1970-01-02 02:36:00
1970-01-02 02:37:00,0.1328125,1970-01-02 02:37:00
1970-01-02 02:38:00,0.14056224899598393,1970-01-02 02:38:00
1970-01-02 02:39:00,0.11313868613138686,1970-01-02 02:39:00
1970-01-02 02:40:00,0.10526315789473684,1970-01-02 02:40:00
1970-01-02 02:41:00,0.11450381679389313,1970-01-02 02:41:00
1970-01-02 02:42:00,0.12639405204460966,1970-01-02 02:42:00
1970-01-02 02:43:00,0.15418502202643172,1970-01-02 02:43:00
1970-01-02 02:44:00,0.11721611721611722,1970-01-02 02:44:00
1970-01-02 02:45:00,0.15355805243445692,1970-01-02 02:45:00
1970-01-02 02:46:00,0.12749003984063745,1970-01-02 02:46:00
1970-01-02 02:47:00,0.10740740740740741,1970-01-02 02:47:00
1970-01-02 02:48:00,0.12389380530973451,1970-01-02 02:48:00
1970-01-02 02:49:00,0.16153846153846155,1970-01-02 02:49:00
1970-01-02 02:50:00,0.15234375,1970-01-02 02:50:00
1970-01-02 02:51:00,0.09183673469387756,1970-01-02 02:51:00
1970-01-02 02:52:00,0.1606425702811245,1970-01-02 02:52:00
1970-01-02 02:53:00,0.15637860082304528,1970-01-02 02:53:00
1970-01-02 02:54:00,0.13257575757575757,1970-01-02 02:54:00
1970-01-02 02:55:00,0.13333333333333333,1970-01-02 02:55:00
1970-01-02 02:56:00,0.15126050420168066,1970-01-02 02:56:00
1970-01-02 02:57:00,0.10839160839160839,1970-01-02 02:57:00
1970-01-02 02:58:00,0.11743772241992882,1970-01-02 02:58:00
1970-01-02 02:59:00,0.14901960784313725,1970-01-02 02:59:00
1970-01-02 03:00:00,0.09191176470588236,1970-01-02 03:00:00
1970-01-02 03:01:00,0.1680327868852459,1970-01-02 03:01:00
1970-01-02 03:02:00,0.1111111111111111,1970-01-02 03:02:00
1970-01-02 03:03:00,0.11836734693877551,1970-01-02 03:03:00
1970-01-02 03:04:00,0.16,1970-01-02 03:04:00
1970-01-02 03:05:00,0.12424242424242424,1970-01-02 03:05:00
1970-01-02 03:06:00,0.17045454545454544,1970-01-02 03:06:00
1970-01-02 03:07:00,0.11347517730496454,1970-01-02 03:07:00
1970-01-02 03:08:00,0.125,1970-01-02 03:08:00
1970-01-02 03:09:00,0.12955465587044535,1970-01-02 03:09:00
1970-01-02 03:10:00,0.13074204946996468,1970-01-02 03:10:00
1970-01-02 03:11:00,0.12714776632302405,1970-01-02 03:11:00
1970-01-02 03:12:00,0.1724137931034483,1970-01-02 03:12:00
1970-01-02 03:13:00,0.14615384615384616,1970-01-02 03:13:00
1970-01-02 03:14:00,0.13214285714285715,1970-01-02 03:14:00
1970-01-02 03:15:00,0.16911764705882354,1970-01-02 03:15:00
1970-01-02 03:16:00,0.12643678160919541,1970-01-02 03:16:00
1970-01-02 03:17:00,0.11715481171548117,1970-01-02 03:17:00
1970-01-02 03:18:00,0.1078838174273859,1970-01-02 03:18:00
1970-01-02 03:19:00,0.1511627906976744,1970-01-02 03:19:00
1970-01-02 03:20:00,0.13304721030042918,1970-01-02 03:20:00
1970-01-02 03:21:00,0.12449799196787148,1970-01-02 03:21:00
1970-01-02 03:22:00,0.12867647058823528,1970-01-02 03:22:00
1970-01-02 03:23:00,0.1357142857142857,1970-01-02 03:23:00
1970-01-02 03:24:00,0.1867704280155642,1970-01-02 03:24:00
1970-01-02 03:25:00,0.11743772241992882,1970-01-02 03:25:00
1970-01-02 03:26:00,0.13127413127413126,1970-01-02 03:26:00
1970-01-02 03:27:00,0.10909090909090909,1970-01-02 03:27:00
1970-01-02 03:28:00,0.12643678160919541,1970-01-02 03:28:00
1970-01-02 03:29:00,0.1505016722408027,1970-01-02 03:29:00
1970-01-02 03:30:00,0.12286689419795221,1970-01-02 03:30:00
1970-01-02 03:31:00,0.1245674740484429,1970-01-02 03:31:00
1970-01-02 03:32:00,0.13909774436090225,1970-01-02 03:32:00
1970-01-02 03:33:00,0.1263537906137184,1970-01-02 03:33:00
1970-01-02 03:34:00,0.16791044776119404,1970-01-02 03:34:00
1970-01-02 03:35:00,0.18213058419243985,1970-01-02 03:35:00
1970-01-02 03:36:00,0.10927152317880795,1970-01-02 03:36:00
1970-01-02 03:37:00,0.11409395973154363,1970-01-02 03:37:00
1970-01-02 03:38:00,0.13805970149253732,1970-01-02 03:38:00
1970-01-02 03:39:00,0.09621993127147767,1970-01-02 03:39:00
1970-01-02 03:40:00,0.1968503937007874,1970-01-02 03:40:00
1970-01-02 03:41:00,0.13131313131313133,1970-01-02 03:41:00
1970-01-02 03:42:00,0.11437908496732026,1970-01-02 03:42:00
1970-01-02 03:43:00,0.10954063604240283,1970-01-02 03:43:00
1970-01-02 03:44:00,0.13653136531365315,1970-01-02 03:44:00
1970-01-02 03:45:00,0.13636363636363635,1970-01-02 03:45:00
1970-01-02 03:46:00,0.1386861313868613,1970-01-02 03:46:00
1970-01-02 03:47:00,0.13380281690140844,1970-01-02 03:47:00
1970-01-02 03:48:00,0.15037593984962405,1970-01-02 03:48:00
1970-01-02 03:49:00,0.145985401459854,1970-01-02 03:49:00
1970-01-02 03:50:00,0.13382899628252787,1970-01-02 03:50:00
1970-01-02 03:51:00,0.10810810810810811,1970-01-02 03:51:00
1970-01-02 03:52:00,0.16317991631799164,1970-01-02 03:52:00
1970-01-02 03:53:00,0.1606425702811245,1970-01-02 03:53:00
1970-01-02 03:54:00,0.1476510067114094,1970-01-02 03:54:00
1970-01-02 03:55:00,0.1037344398340249,1970-01-02 03:55:00
1970-01-02 03:56:00,0.09737827715355805,1970-01-02 03:56:00
1970-01-02 03:57:00,0.1282051282051282,1970-01-02 03:57:00
1970-01-02 03:58:00,0.15901060070671377,1970-01-02 03:58:00
1970-01-02 03:59:00,0.10416666666666667,1970-01-02 03:59:00
1970-01-02 04:00:00,0.14232209737827714,1970-01-02 04:00:00
1970-01-02 04:01:00,0.06293706293706294,1970-01-02 04:01:00
1970-01-02 04:02:00,0.10714285714285714,1970-01-02 04:02:00
1970-01-02 04:03:00,0.1450381679389313,1970-01-02 04:03:00
1970-01-02 04:04:00,0.12087912087912088,1970-01-02 04:04:00
1970-01-02 04:05:00,0.11387900355871886,1970-01-02 04:05:00
1970-01-02 04:06:00,0.12857142857142856,1970-01-02 04:06:00
1970-01-02 04:07:00,0.1469387755102041,1970-01-02 04:07:00
1970-01-02 04:08:00,0.12830188679245283,1970-01-02 04:08:00
1970-01-02 04:09:00,0.12773722627737227,1970-01-02 04:09:00
1970-01-02 04:10:00,0.14453125,1970-01-02 04:10:00
1970-01-02 04:11:00,0.14444444444444443,1970-01-02 04:11:00
1970-01-02 04:12:00,0.1412639405204461,1970-01-02 04:12:00
1970-01-02 04:13:00,0.14655172413793102,1970-01-02 04:13:00
1970-01-02 04:14:00,0.14869888475836432,1970-01-02 04:14:00
1970-01-02 04:15:00,0.1245136186770428,1970-01-02 04:15:00
1970-01-02 04:16:00,0.15413533834586465,1970-01-02 04:16:00
1970-01-02 04:17:00,0.11295681063122924,1970-01-02 04:17:00
1970-01-02 04:18:00,0.15789473684210525,1970-01-02 04:18:00
1970-01-02 04:19:00,0.14960629921259844,1970-01-02 04:19:00
1970-01-02 04:20:00,0.1003584229390681,1970-01-02 04:20:00
1970-01-02 04:21:00,0.12406015037593984,1970-01-02 04:21:00
1970-01-02 04:22:00,0.14391143911439114,1970-01-02 04:22:00
1970-01-02 04:23:00,0.1552346570397112,1970-01-02 04:23:00
1970-01-02 04:24:00,0.14015151515151514,1970-01-02 04:24:00
1970-01-02 04:25:00,0.14901960784313725,1970-01-02 04:25:00
1970-01-02 04:26:00,0.11666666666666667,1970-01-02 04:26:00
1970-01-02 04:27:00,0.168,1970-01-02 04:27:00
1970-01-02 04:28:00,0.14814814814814814,1970-01-02 04:28:00
1970-01-02 04:29:00,0.17490494296577946,1970-01-02 04:29:00
1970-01-02 04:30:00,0.1267605633802817,1970-01-02 04:30:00
1970-01-02 04:31:00,0.156,1970-01-02 04:31:00
1970-01-02 04:32:00,0.14840989399293286,1970-01-02 04:32:00
1970-01-02 04:33:00,0.12727272727272726,1970-01-02 04:33:00
1970-01-02 04:34:00,0.16853932584269662,1970-01-02 04:34:00
1970-01-02 04:35:00,0.1349206349206349,1970-01-02 04:35:00
1970-01-02 04:36:00,0.13653136531365315,1970-01-02 04:36:00
1970-01-02 04:37:00,0.1643835616438356,1970-01-02 04:37:00
1970-01-02 04:38:00,0.11147540983606558,1970-01-02 04:38:00
1970-01-02 04:39:00,0.12454212454212454,1970-01-02 04:39:00
1970-01-02 04:40:00,0.1357142857142857,1970-01-02 04:40:00
1970-01-02 04:41:00,0.1328125,1970-01-02 04:41:00
1970-01-02 04:42:00,0.13654618473895583,1970-01-02 04:42:00
1970-01-02 04:43:00,0.1016949152542373,1970-01-02 04:43:00
1970-01-02 04:44:00,0.16444444444444445,1970-01-02 04:44:00
1970-01-02 04:45:00,0.10037174721189591,1970-01-02 04:45:00
1970-01-02 04:46:00,0.15019762845849802,1970-01-02 04:46:00
1970-01-02 04:47:00,0.13740458015267176,1970-01-02 04:47:00
1970-01-02 04:48:00,0.1774193548387097,1970-01-02 04:48:00
1970-01-02 04:49:00,0.125,1970-01-02 04:49:00
1970-01-02 04:50:00,0.13580246913580246,1970-01-02 04:50:00
1970-01-02 04:51:00,0.13565891472868216,1970-01-02 04:51:00
1970-01-02 04:52:00,0.16532258064516128,1970-01-02 04:52:00
1970-01-02 04:53:00,0.0992063492063492,1970-01-02 04:53:00
1970-01-02 04:54:00,0.13445378151260504,1970-01-02 04:54:00
1970-01-02 04:55:00,0.1652892561983471,1970-01-02 04:55:00
1970-01-02 04:56:00,0.12987012987012986,1970-01-02 04:56:00
1970-01-02 04:57:00,0.16355140186915887,1970-01-02 04:57:00
1970-01-02 04:58:00,0.0990990990990991,1970-01-02 04:58:00
1970-01-02 04:59:00,0.14782608695652175,1970-01-02 04:59:00
1970-01-02 05:00:00,0.15450643776824036,1970-01-02 05:00:00
1970-01-02 05:01:00,0.1625,1970-01-02 05:01:00
1970-01-02 05:02:00,0.12454212454212454,1970-01-02 05:02:00
1970-01-02 05:03:00,0.1446280991735537,1970-01-02 05:03:00
1970-01-02 05:04:00,0.12916666666666668,1970-01-02 05:04:00
1970-01-02 05:05:00,0.1694915254237288,1970-01-02 05:05:00
1970-01-02 05:06:00,0.12048192771084337,1970-01-02 05:06:00
1970-01-02 05:07:00,0.11475409836065574,1970-01-02 05:07:00
1970-01-02 05:08:00,0.14,1970-01-02 05:08:00
1970-01-02 05:09:00,0.18981481481481483,1970-01-02 05:09:00
1970-01-02 05:10:00,0.1583710407239819,1970-01-02 05:10:00
1970-01-02 05:11:00,0.15,1970-01-02 05:11:00
1970-01-02 05:12:00,0.09333333333333334,1970-01-02 05:12:00
1970-01-02 05:13:00,0.09716599190283401,1970-01-02 05:13:00
1970-01-02 05:14:00,0.11574074074074074,1970-01-02 05:14:00
1970-01-02 05:15:00,0.164021164021164,1970-01-02 05:15:00
1970-01-02 05:16:00,0.13304721030042918,1970-01-02 05:16:00
1970-01-02 05:17:00,0.12669683257918551,1970-01-02 05:17:00
1970-01-02 05:18:00,0.14220183486238533,1970-01-02 05:18:00
1970-01-02 05:19:00,0.1388888888888889,1970-01-02 05:19:00
1970-01-02 05:20:00,0.16748768472906403,1970-01-02 05:20:00
1970-01-02 05:21:00,0.13617021276595745,1970-01-02 05:21:00
1970-01-02 05:22:00,0.17391304347826086,1970-01-02 05:22:00
1970-01-02 05:23:00,0.11155378486055777,1970-01-02 05:23:00
1970-01-02 05:24:00,0.1507537688442211,1970-01-02 05:24:00
1970-01-02 05:25:00,0.11219512195121951,1970-01-02 05:25:00
1970-01-02 05:26:00,0.14084507042253522,1970-01-02 05:26:00
1970-01-02 05:27:00,0.19072164948453607,1970-01-02 05:27:00
1970-01-02 05:28:00,0.09782608695652174,1970-01-02 05:28:00
1970-01-02 05:29:00,0.1004566210045662,1970-01-02 05:29:00
1970-01-02 05:30:00,0.1358695652173913,1970-01-02 05:30:00
1970-01-02 05:31:00,0.1881720430107527,1970-01-02 05:31:00
1970-01-02 05:32:00,0.1111111111111111,1970-01-02 05:32:00
1970-01-02 05:33:00,0.09767441860465116,1970-01-02 05:33:00
1970-01-02 05:34:00,0.16822429906542055,1970-01-02 05:34:00
1970-01-02 05:35:00,0.1493212669683258,1970-01-02 05:35:00
1970-01-02 05:36:00,0.18421052631578946,1970-01-02 05:36:00
1970-01-02 05:37:00,0.1793478260869565,1970-01-02 05:37:00
1970-01-02 05:38:00,0.1306532663316583,1970-01-02 05:38:00
1970-01-02 05:39:00,0.12637362637362637,1970-01-02 05:39:00
1970-01-02 05:40:00,0.11764705882352941,1970-01-02 05:40:00
1970-01-02 05:41:00,0.14009661835748793,1970-01-02 05:41:00
1970-01-02 05:42:00,0.1907514450867052,1970-01-02 05:42:00
1970-01-02 05:43:00,0.10429447852760736,1970-01-02 05:43:00
1970-01-02 05:44:00,0.17857142857142858,1970-01-02 05:44:00
1970-01-02 05:45:00,0.1092896174863388,1970-01-02 05:45:00
1970-01-02 05:46:00,0.17032967032967034,1970-01-02 05:46:00
1970-01-02 05:47:00,0.13372093023255813,1970-01-02 05:47:00
1970-01-02 05:48:00,0.14925373134328357,1970-01-02 05:48:00
1970-01-02 05:49:00,0.15337423312883436,1970-01-02 05:49:00
1970-01-02 05:50:00,0.12804878048780488,1970-01-02 05:50:00
1970-01-02 05:51:00,0.14012738853503184,1970-01-02 05:51:00
1970-01-02 05:52:00,0.10884353741496598,1970-01-02 05:52:00
1970-01-02 05:53:00,0.1569767441860465,1970-01-02 05:53:00
1970-01-02 05:54:00,0.1683673469387755,1970-01-02 05:54:00
1970-01-02 05:55:00,0.1951219512195122,1970-01-02 05:55:00
1970-01-02 05:56:00,0.1320754716981132,1970-01-02 05:56:00
1970-01-02 05:57:00,0.18181818181818182,1970-01-02 05:57:00
1970-01-02 05:58:00,0.11728395061728394,1970-01-02 05:58:00
1970-01-02 05:59:00,0.08045977011494253,1970-01-02 05:59:00
1970-01-02 06:00:00,0.14124293785310735,1970-01-02 06:00:00
1970-01-02 06:01:00,0.10975609756097561,1970-01-02 06:01:00
1970-01-02 06:02:00,0.20869565217391303,1970-01-02 06:02:00
1970-01-02 06:03:00,0.12413793103448276,1970-01-02 06:03:00
1970-01-02 06:04:00,0.17880794701986755,1970-01-02 06:04:00
1970-01-02 06:05:00,0.20161290322580644,1970-01-02 06:05:00
1970-01-02 06:06:00,0.13333333333333333,1970-01-02 06:06:00
1970-01-02 06:07:00,0.1875,1970-01-02 06:07:00
1970-01-02 06:08:00,0.15789473684210525,1970-01-02 06:08:00
1970-01-02 06:09:00,0.1366906474820144,1970-01-02 06:09:00
1970-01-02 06:10:00,0.1794871794871795,1970-01-02 06:10:00
1970-01-02 06:11:00,0.15671641791044777,1970-01-02 06:11:00
1970-01-02 06:12:00,0.14912280701754385,1970-01-02 06:12:00
1970-01-02 06:13:00,0.15833333333333333,1970-01-02 06:13:00
1970-01-02 06:14:00,0.1968503937007874,1970-01-02 06:14:00
1970-01-02 06:15:00,0.17094017094017094,1970-01-02 06:15:00
1970-01-02 06:16:00,0.15671641791044777,1970-01-02 06:16:00
1970-01-02 06:17:00,0.11206896551724138,1970-01-02 06:17:00
1970-01-02 06:18:00,0.16666666666666666,1970-01-02 06:18:00
1970-01-02 06:19:00,0.125,1970-01-02 06:19:00
1970-01-02 06:20:00,0.11678832116788321,1970-01-02 06:20:00
1970-01-02 06:21:00,0.13953488372093023,1970-01-02 06:21:00
1970-01-02 06:22:00,0.20175438596491227,1970-01-02 06:22:00
1970-01-02 06:23:00,0.0847457627118644,1970-01-02 06:23:00
1970-01-02 06:24:00,0.16058394160583941,1970-01-02 06:24:00
1970-01-02 06:25:00,0.1267605633802817,1970-01-02 06:25:00
1970-01-02 06:26:00,0.168141592920354,1970-01-02 06:26:00
1970-01-02 06:27:00,0.21739130434782608,1970-01-02 06:27:00
1970-01-02 06:28:00,0.16037735849056603,1970-01-02 06:28:00
1970-01-02 06:29:00,0.19642857142857142,1970-01-02 06:29:00
1970-01-02 06:30:00,0.1864406779661017,1970-01-02 06:30:00
1970-01-02 06:31:00,0.14545454545454545,1970-01-02 06:31:00
1970-01-02 06:32:00,0.1553398058252427,1970-01-02 06:32:00
1970-01-02 06:33:00,0.20224719101123595,1970-01-02 06:33:00
1970-01-02 06:34:00,0.21359223300970873,1970-01-02 06:34:00
1970-01-02 06:35:00,0.2073170731707317,1970-01-02 06:35:00
1970-01-02 06:36:00,0.14583333333333334,1970-01-02 06:36:00
1970-01-02 06:37:00,0.22988505747126436,1970-01-02 06:37:00
1970-01-02 06:38:00,0.19148936170212766,1970-01-02 06:38:00
1970-01-02 06:39:00,0.11458333333333333,1970-01-02 06:39:00
1970-01-02 06:40:00,0.13157894736842105,1970-01-02 06:40:00
1970-01-02 06:41:00,0.11702127659574468,1970-01-02 06:41:00
1970-01-02 06:42:00,0.18085106382978725,1970-01-02 06:42:00
1970-01-02 06:43:00,0.16326530612244897,1970-01-02 06:43:00
1970-01-02 06:44:00,0.16666666666666666,1970-01-02 06:44:00
1970-01-02 06:45:00,0.1559633027522936,1970-01-02 06:45:00
1970-01-02 06:46:00,0.12941176470588237,1970-01-02 06:46:00
1970-01-02 06:47:00,0.2441860465116279,1970-01-02 06:47:00
1970-01-02 06:48:00,0.20224719101123595,1970-01-02 06:48:00
1970-01-02 06:49:00,0.1262135922330097,1970-01-02 06:49:00
1970-01-02 06:50:00,0.20253164556962025,1970-01-02 06:50:00
1970-01-02 06:51:00,0.16049382716049382,1970-01-02 06:51:00
1970-01-02 06:52:00,0.09259259259259259,1970-01-02 06:52:00
1970-01-02 06:53:00,0.1702127659574468,1970-01-02 06:53:00
1970-01-02 06:54:00,0.17757009345794392,1970-01-02 06:54:00
1970-01-02 06:55:00,0.10843373493975904,1970-01-02 06:55:00
1970-01-02 06:56:00,0.25,1970-01-02 06:56:00
1970-01-02 06:57:00,0.1134020618556701,1970-01-02 06:57:00
1970-01-02 06:58:00,0.2,1970-01-02 06:58:00
1970-01-02 06:59:00,0.20967741935483872,1970-01-02 06:59:00
1970-01-02 07:00:00,0.07291666666666667,1970-01-02 07:00:00
1970-01-02 07:01:00,0.15,1970-01-02 07:01:00
1970-01-02 07:02:00,0.20224719101123595,1970-01-02 07:02:00
1970-01-02 07:03:00,0.20833333333333334,1970-01-02 07:03:00
1970-01-02 07:04:00,0.1891891891891892,1970-01-02 07:04:00
1970-01-02 07:05:00,0.12790697674418605,1970-01-02 07:05:00
1970-01-02 07:06:00,0.18666666666666668,1970-01-02 07:06:00
1970-01-02 07:07:00,0.10227272727272728,1970-01-02 07:07:00
1970-01-02 07:08:00,0.1375,1970-01-02 07:08:00
1970-01-02 07:09:00,0.11363636363636363,1970-01-02 07:09:00
1970-01-02 07:10:00,0.17105263157894737,1970-01-02 07:10:00
1970-01-02 07:11:00,0.20987654320987653,1970-01-02 07:11:00
1970-01-02 07:12:00,0.16129032258064516,1970-01-02 07:12:00
1970-01-02 07:13:00,0.08235294117647059,1970-01-02 07:13:00
1970-01-02 07:14:00,0.2714285714285714,1970-01-02 07:14:00
1970-01-02 07:15:00,0.12162162162162163,1970-01-02 07:15:00
1970-01-02 07:16:00,0.18518518518518517,1970-01-02 07:16:00
1970-01-02 07:17:00,0.08108108108108109,1970-01-02 07:17:00
1970-01-02 07:18:00,0.1232876712328767,1970-01-02 07:18:00
1970-01-02 07:19:00,0.2,1970-01-02 07:19:00
1970-01-02 07:20:00,0.125,1970-01-02 07:20:00
1970-01-02 07:21:00,0.13043478260869565,1970-01-02 07:21:00
1970-01-02 07:22:00,0.2,1970-01-02 07:22:00
1970-01-02 07:23:00,0.07894736842105263,1970-01-02 07:23:00
1970-01-02 07:24:00,0.011904761904761904,1970-01-02 07:24:00
1970-01-02 07:25:00,0.14084507042253522,1970-01-02 07:25:00
1970-01-02 07:26:00,0.07692307692307693,1970-01-02 07:26:00
1970-01-02 07:27:00,0.11392405063291139,1970-01-02 07:27:00
1970-01-02 07:28:00,0.2692307692307692,1970-01-02 07:28:00
1970-01-02 07:29:00,0.15384615384615385,1970-01-02 07:29:00
1970-01-02 07:30:00,0.05555555555555555,1970-01-02 07:30:00
1970-01-02 07:31:00,0.18840579710144928,1970-01-02 07:31:00
1970-01-02 07:32:00,0.06060606060606061,1970-01-02 07:32:00
1970-01-02 07:33:00,0.24615384615384617,1970-01-02 07:33:00
1970-01-02 07:34:00,0.16129032258064516,1970-01-02 07:34:00
1970-01-02 07:35:00,0.12307692307692308,1970-01-02 07:35:00
1970-01-02 07:36:00,0.06666666666666667,1970-01-02 07:36:00
1970-01-02 07:37:00,0.14,1970-01-02 07:37:00
1970-01-02 07:38:00,0.1791044776119403,1970-01-02 07:38:00
1970-01-02 07:39:00,0.17142857142857143,1970-01-02 07:39:00
1970-01-02 07:40:00,0.1694915254237288,1970-01-02 07:40:00
1970-01-02 07:41:00,0.19230769230769232,1970-01-02 07:41:00
1970-01-02 07:42:00,0.16326530612244897,1970-01-02 07:42:00
1970-01-02 07:43:00,0.17647058823529413,1970-01-02 07:43:00
1970-01-02 07:44:00,0.0821917808219178,1970-01-02 07:44:00
1970-01-02 07:45:00,0.3,1970-01-02 07:45:00
1970-01-02 07:46:00,0.16363636363636364,1970-01-02 07:46:00
1970-01-02 07:47:00,0.08620689655172414,1970-01-02 07:47:00
1970-01-02 07:48:00,0.12244897959183673,1970-01-02 07:48:00
1970-01-02 07:49:00,0.23636363636363636,1970-01-02 07:49:00
1970-01-02 07:50:00,0.08771929824561403,1970-01-02 07:50:00
1970-01-02 07:51:00,0.12727272727272726,1970-01-02 07:51:00
1970-01-02 07:52:00,0.06557377049180328,1970-01-02 07:52:00
1970-01-02 07:53:00,0.15555555555555556,1970-01-02 07:53:00
1970-01-02 07:54:00,0.14035087719298245,1970-01-02 07:54:00
1970-01-02 07:55:00,0.15625,1970-01-02 07:55:00
1970-01-02 07:56:00,0.13333333333333333,1970-01-02 07:56:00
1970-01-02 07:57:00,0.06779661016949153,1970-01-02 07:57:00
1970-01-02 07:58:00,0.175,1970-01-02 07:58:00
1970-01-02 07:59:00,0.1346153846153846,1970-01-02 07:59:00
1970-01-02 08:00:00,0.23529411764705882,1970-01-02 08:00:00
1970-01-02 08:01:00,0.09615384615384616,1970-01-02 08:01:00
1970-01-02 08:02:00,0.12,1970-01-02 08:02:00
1970-01-02 08:03:00,0.16666666666666666,1970-01-02 08:03:00
1970-01-02 08:04:00,0.18604651162790697,1970-01-02 08:04:00
1970-01-02 08:05:00,0.05172413793103448,1970-01-02 08:05:00
1970-01-02 08:06:00,0.16666666666666666,1970-01-02 08:06:00
1970-01-02 08:07:00,0.2727272727272727,1970-01-02 08:07:00
1970-01-02 08:08:00,0.16666666666666666,1970-01-02 08:08:00
1970-01-02 08:09:00,0.15555555555555556,1970-01-02 08:09:00
1970-01-02 08:10:00,0.21428571428571427,1970-01-02 08:10:00
1970-01-02 08:11:00,0.23076923076923078,1970-01-02 08:11:00
1970-01-02 08:12:00,0.22727272727272727,1970-01-02 08:12:00
1970-01-02 08:13:00,0.15217391304347827,1970-01-02 08:13:00
1970-01-02 08:14:00,0.14,1970-01-02 08:14:00
1970-01-02 08:15:00,0.15,1970-01-02 08:15:00
1970-01-02 08:16:00,0.17777777777777778,1970-01-02 08:16:00
1970-01-02 08:17:00,0.18181818181818182,1970-01-02 08:17:00
1970-01-02 08:18:00,0.2,1970-01-02 08:18:00
1970-01-02 08:19:00,0.21428571428571427,1970-01-02 08:19:00
1970-01-02 08:20:00,0.14634146341463414,1970-01-02 08:20:00
1970-01-02 08:21:00,0.04081632653061224,1970-01-02 08:21:00
1970-01-02 08:22:00,0.19230769230769232,1970-01-02 08:22:00
1970-01-02 08:23:00,0.12121212121212122,1970-01-02 08:23:00
1970-01-02 08:24:00,0.13513513513513514,1970-01-02 08:24:00
1970-01-02 08:25:00,0.25806451612903225,1970-01-02 08:25:00
1970-01-02 08:26:00,0.07407407407407407,1970-01-02 08:26:00
1970-01-02 08:27:00,0.16279069767441862,1970-01-02 08:27:00
1970-01-02 08:28:00,0.058823529411764705,1970-01-02 08:28:00
1970-01-02 08:29:00,0.23809523809523808,1970-01-02 08:29:00
1970-01-02 08:30:00,0.17777777777777778,1970-01-02 08:30:00
1970-01-02 08:31:00,0.09302325581395349,1970-01-02 08:31:00
1970-01-02 08:32:00,0.1111111111111111,1970-01-02 08:32:00
1970-01-02 08:33:00,0.16666666666666666,1970-01-02 08:33:00
1970-01-02 08:34:00,0.12195121951219512,1970-01-02 08:34:00
1970-01-02 08:35:00,0.045454545454545456,1970-01-02 08:35:00
1970-01-02 08:36:00,0.20689655172413793,1970-01-02 08:36:00
1970-01-02 08:37:00,0.09523809523809523,1970-01-02 08:37:00
1970-01-02 08:38:00,0.1935483870967742,1970-01-02 08:38:00
1970-01-02 08:39:00,0.175,1970-01-02 08:39:00
1970-01-02 08:40:00,0.14285714285714285,1970-01-02 08:40:00
1970-01-02 08:41:00,0.1111111111111111,1970-01-02 08:41:00
1970-01-02 08:42:00,0.09302325581395349,1970-01-02 08:42:00
1970-01-02 08:43:00,0.2,1970-01-02 08:43:00
1970-01-02 08:44:00,0.17857142857142858,1970-01-02 08:44:00
1970-01-02 08:45:00,0.19230769230769232,1970-01-02 08:45:00
1970-01-02 08:46:00,0.10256410256410256,1970-01-02 08:46:00
1970-01-02 08:47:00,0.1111111111111111,1970-01-02 08:47:00
1970-01-02 08:48:00,0.1282051282051282,1970-01-02 08:48:00
1970-01-02 08:49:00,0.08333333333333333,1970-01-02 08:49:00
1970-01-02 08:50:00,0.18518518518518517,1970-01-02 08:50:00
1970-01-02 08:51:00,0.15151515151515152,1970-01-02 08:51:00
1970-01-02 08:52:00,0.14285714285714285,1970-01-02 08:52:00
1970-01-02 08:53:00,0.19444444444444445,1970-01-02 08:53:00
1970-01-02 08:54:00,0.15625,1970-01-02 08:54:00
1970-01-02 08:55:00,0.0975609756097561,1970-01-02 08:55:00
1970-01-02 08:56:00,0.13793103448275862,1970-01-02 08:56:00
1970-01-02 08:57:00,0.2727272727272727,1970-01-02 08:57:00
1970-01-02 08:58:00,0.08333333333333333,1970-01-02 08:58:00
1970-01-02 08:59:00,0.29411764705882354,1970-01-02 08:59:00
1970-01-02 09:00:00,0.1724137931034483,1970-01-02 09:00:00
1970-01-02 09:01:00,0.08333333333333333,1970-01-02 09:01:00
1970-01-02 09:02:00,0.17391304347826086,1970-01-02 09:02:00
1970-01-02 09:03:00,0.19230769230769232,1970-01-02 09:03:00
1970-01-02 09:04:00,0.125,1970-01-02 09:04:00
1970-01-02 09:05:00,0.0,1970-01-02 09:05:00
1970-01-02 09:06:00,0.18181818181818182,1970-01-02 09:06:00
1970-01-02 09:07:00,0.2692307692307692,1970-01-02 09:07:00
1970-01-02 09:08:00,0.2,1970-01-02 09:08:00
1970-01-02 09:09:00,0.13043478260869565,1970-01-02 09:09:00
1970-01-02 09:10:00,0.3,1970-01-02 09:10:00
1970-01-02 09:11:00,0.07142857142857142,1970-01-02 09:11:00
1970-01-02 09:12:00,0.19047619047619047,1970-01-02 09:12:00
1970-01-02 09:13:00,0.28,1970-01-02 09:13:00
1970-01-02 09:14:00,0.11764705882352941,1970-01-02 09:14:00
1970-01-02 09:15:00,0.2857142857142857,1970-01-02 09:15:00
1970-01-02 09:16:00,0.125,1970-01-02 09:16:00
1970-01-02 09:17:00,0.23529411764705882,1970-01-02 09:17:00
1970-01-02 09:18:00,0.30434782608695654,1970-01-02 09:18:00
1970-01-02 09:19:00,0.08,1970-01-02 09:19:00
1970-01-02 09:20:00,0.2857142857142857,1970-01-02 09:20:00
1970-01-02 09:21:00,0.13043478260869565,1970-01-02 09:21:00
1970-01-02 09:22:00,0.23809523809523808,1970-01-02 09:22:00
1970-01-02 09:23:00,0.0,1970-01-02 09:23:00
1970-01-02 09:24:00,0.047619047619047616,1970-01-02 09:24:00
1970-01-02 09:25:00,0.26666666666666666,1970-01-02 09:25:00
1970-01-02 09:26:00,0.375,1970-01-02 09:26:00
1970-01-02 09:27:00,0.11538461538461539,1970-01-02 09:27:00
1970-01-02 09:28:00,0.2916666666666667,1970-01-02 09:28:00
1970-01-02 09:29:00,0.11764705882352941,1970-01-02 09:29:00
1970-01-02 09:30:00,0.5,1970-01-02 09:30:00
1970-01-02 09:31:00,0.15,1970-01-02 09:31:00
1970-01-02 09:32:00,0.13333333333333333,1970-01-02 09:32:00
1970-01-02 09:33:00,0.2962962962962963,1970-01-02 09:33:00
1970-01-02 09:34:00,0.21428571428571427,1970-01-02 09:34:00
1970-01-02 09:35:00,0.26666666666666666,1970-01-02 09:35:00
1970-01-02 09:36:00,0.26666666666666666,1970-01-02 09:36:00
1970-01-02 09:37:00,0.12,1970-01-02 09:37:00
1970-01-02 09:38:00,0.16666666666666666,1970-01-02 09:38:00
1970-01-02 09:39:00,0.125,1970-01-02 09:39:00
1970-01-02 09:40:00,0.16666666666666666,1970-01-02 09:40:00
1970-01-02 09:41:00,0.42857142857142855,1970-01-02 09:41:00
1970-01-02 09:42:00,0.15,1970-01-02 09:42:00
1970-01-02 09:43:00,0.0,1970-01-02 09:43:00
1970-01-02 09:44:00,0.42857142857142855,1970-01-02 09:44:00
1970-01-02 09:45:00,0.0,1970-01-02 09:45:00
1970-01-02 09:46:00,0.5294117647058824,1970-01-02 09:46:00
1970-01-02 09:47:00,0.13636363636363635,1970-01-02 09:47:00
1970-01-02 09:48:00,0.07142857142857142,1970-01-02 09:48:00
1970-01-02 09:49:00,0.18181818181818182,1970-01-02 09:49:00
1970-01-02 09:50:00,0.3333333333333333,1970-01-02 09:50:00
1970-01-02 09:51:00,0.23529411764705882,1970-01-02 09:51:00
1970-01-02 09:52:00,0.25,1970-01-02 09:52:00
1970-01-02 09:53:00,0.07692307692307693,1970-01-02 09:53:00
1970-01-02 09:54:00,0.07142857142857142,1970-01-02 09:54:00
1970-01-02 09:55:00,0.35294117647058826,1970-01-02 09:55:00
1970-01-02 09:56:00,0.1,1970-01-02 09:56:00
1970-01-02 09:57:00,0.42857142857142855,1970-01-02 09:57:00
1970-01-02 09:58:00,0.0,1970-01-02 09:58:00
1970-01-02 09:59:00,0.07142857142857142,1970-01-02 09:59:00
1970-01-02 10:00:00,0.0,1970-01-02 10:00:00
1970-01-02 10:01:00,0.42857142857142855,1970-01-02 10:01:00
1970-01-02 10:02:00,0.2727272727272727,1970-01-02 10:02:00
1970-01-02 10:03:00,0.2727272727272727,1970-01-02 10:03:00
1970-01-02 10:04:00,0.2727272727272727,1970-01-02 10:04:00
1970-01-02 10:05:00,0.3125,1970-01-02 10:05:00
1970-01-02 10:06:00,0.2857142857142857,1970-01-02 10:06:00
1970-01-02 10:07:00,0.3333333333333333,1970-01-02 10:07:00
1970-01-02 10:08:00,0.3076923076923077,1970-01-02 10:08:00
1970-01-02 10:09:00,0.36363636363636365,1970-01-02 10:09:00
1970-01-02 10:10:00,0.4,1970-01-02 10:10:00
1970-01-02 10:11:00,0.038461538461538464,1970-01-02 10:11:00
1970-01-02 10:12:00,0.4,1970-01-02 10:12:00
1970-01-02 10:13:00,0.35294117647058826,1970-01-02 10:13:00
1970-01-02 10:14:00,0.16666666666666666,1970-01-02 10:14:00
1970-01-02 10:15:00,0.25,1970-01-02 10:15:00
1970-01-02 10:16:00,0.1111111111111111,1970-01-02 10:16:00
1970-01-02 10:17:00,0.0625,1970-01-02 10:17:00
1970-01-02 10:18:00,0.3,1970-01-02 10:18:00
1970-01-02 10:19:00,0.13333333333333333,1970-01-02 10:19:00
1970-01-02 10:20:00,0.17647058823529413,1970-01-02 10:20:00
1970-01-02 10:21:00,0.1,1970-01-02 10:21:00
1970-01-02 10:22:00,0.3333333333333333,1970-01-02 10:22:00
1970-01-02 10:23:00,0.25,1970-01-02 10:23:00
1970-01-02 10:24:00,0.26666666666666666,1970-01-02 10:24:00
1970-01-02 10:25:00,0.09090909090909091,1970-01-02 10:25:00
1970-01-02 10:26:00,0.14285714285714285,1970-01-02 10:26:00
1970-01-02 10:27:00,0.5,1970-01-02 10:27:00
1970-01-02 10:28:00,0.0,1970-01-02 10:28:00
1970-01-02 10:29:00,0.0,1970-01-02 10:29:00
1970-01-02 10:30:00,0.42857142857142855,1970-01-02 10:30:00
1970-01-02 10:31:00,0.1875,1970-01-02 10:31:00
1970-01-02 10:32:00,0.23076923076923078,1970-01-02 10:32:00
1970-01-02 10:33:00,0.36363636363636365,1970-01-02 10:33:00
1970-01-02 10:34:00,0.25,1970-01-02 10:34:00
1970-01-02 10:35:00,0.06666666666666667,1970-01-02 10:35:00
1970-01-02 10:36:00,0.13333333333333333,1970-01-02 10:36:00
1970-01-02 10:37:00,0.4166666666666667,1970-01-02 10:37:00
1970-01-02 10:38:00,0.21428571428571427,1970-01-02 10:38:00
1970-01-02 10:39:00,0.06666666666666667,1970-01-02 10:39:00
1970-01-02 10:40:00,0.0,1970-01-02 10:40:00
1970-01-02 10:41:00,0.05555555555555555,1970-01-02 10:41:00
1970-01-02 10:42:00,0.0,1970-01-02 10:42:00
1970-01-02 10:43:00,0.2222222222222222,1970-01-02 10:43:00
1970-01-02 10:44:00,0.125,1970-01-02 10:44:00
1970-01-02 10:45:00,0.08333333333333333,1970-01-02 10:45:00
1970-01-02 10:46:00,1.0,1970-01-02 10:46:00
1970-01-02 10:47:00,0.13333333333333333,1970-01-02 10:47:00
1970-01-02 10:48:00,0.2727272727272727,1970-01-02 10:48:00
1970-01-02 10:49:00,0.125,1970-01-02 10:49:00
1970-01-02 10:50:00,0.14285714285714285,1970-01-02 10:50:00
1970-01-02 10:51:00,1.0,1970-01-02 10:51:00
1970-01-02 10:52:00,0.25,1970-01-02 10:52:00
1970-01-02 10:53:00,0.23076923076923078,1970-01-02 10:53:00
1970-01-02 10:54:00,0.3333333333333333,1970-01-02 10:54:00
1970-01-02 10:55:00,0.1,1970-01-02 10:55:00
1970-01-02 10:56:00,0.36363636363636365,1970-01-02 10:56:00
1970-01-02 10:57:00,0.25,1970-01-02 10:57:00
1970-01-02 10:58:00,0.35294117647058826,1970-01-02 10:58:00
1970-01-02 10:59:00,0.0,1970-01-02 10:59:00
1970-01-02 11:00:00,0.0,1970-01-02 11:00:00
1970-01-02 11:01:00,0.42857142857142855,1970-01-02 11:01:00
1970-01-02 11:02:00,0.045454545454545456,1970-01-02 11:02:00
1970-01-02 11:03:00,0.2,1970-01-02 11:03:00
1970-01-02 11:04:00,0.0,1970-01-02 11:04:00
1970-01-02 11:05:00,0.4166666666666667,1970-01-02 11:05:00
1970-01-02 11:06:00,0.5555555555555556,1970-01-02 11:06:00
1970-01-02 11:07:00,0.0,1970-01-02 11:07:00
1970-01-02 11:08:00,0.0,1970-01-02 11:08:00
1970-01-02 11:09:00,0.09090909090909091,1970-01-02 11:09:00
1970-01-02 11:10:00,0.18181818181818182,1970-01-02 11:10:00
1970-01-02 11:11:00,0.06666666666666667,1970-01-02 11:11:00
1970-01-02 11:12:00,0.1,1970-01-02 11:12:00
1970-01-02 11:13:00,0.11764705882352941,1970-01-02 11:13:00
1970-01-02 11:14:00,0.125,1970-01-02 11:14:00
1970-01-02 11:15:00,0.0,1970-01-02 11:15:00
1970-01-02 11:16:00,0.3333333333333333,1970-01-02 11:16:00
1970-01-02 11:17:00,0.23076923076923078,1970-01-02 11:17:00
1970-01-02 11:18:00,0.23529411764705882,1970-01-02 11:18:00
1970-01-02 11:19:00,0.2727272727272727,1970-01-02 11:19:00
1970-01-02 11:20:00,0.4,1970-01-02 11:20:00
1970-01-02 11:21:00,0.11764705882352941,1970-01-02 11:21:00
1970-01-02 11:22:00,0.17647058823529413,1970-01-02 11:22:00
1970-01-02 11:23:00,0.2222222222222222,1970-01-02 11:23:00
1970-01-02 11:24:00,0.08333333333333333,1970-01-02 11:24:00
1970-01-02 11:25:00,0.21428571428571427,1970-01-02 11:25:00
1970-01-02 11:26:00,0.07142857142857142,1970-01-02 11:26:00
1970-01-02 11:27:00,0.3,1970-01-02 11:27:00
1970-01-02 11:28:00,0.18181818181818182,1970-01-02 11:28:00
1970-01-02 11:29:00,0.1875,1970-01-02 11:29:00
1970-01-02 11:30:00,0.36363636363636365,1970-01-02 11:30:00
1970-01-02 11:31:00,0.05555555555555555,1970-01-02 11:31:00
1970-01-02 11:32:00,0.2,1970-01-02 11:32:00
1970-01-02 11:33:00,0.0,1970-01-02 11:33:00
1970-01-02 11:34:00,0.07142857142857142,1970-01-02 11:34:00
1970-01-02 11:35:00,0.375,1970-01-02 11:35:00
1970-01-02 11:36:00,0.15789473684210525,1970-01-02 11:36:00
1970-01-02 11:37:00,0.07142857142857142,1970-01-02 11:37:00
1970-01-02 11:38:00,0.05,1970-01-02 11:38:00
1970-01-02 11:39:00,0.0,1970-01-02 11:39:00
1970-01-02 11:40:00,0.21428571428571427,1970-01-02 11:40:00
1970-01-02 11:41:00,0.25,1970-01-02 11:41:00
1970-01-02 11:42:00,0.3157894736842105,1970-01-02 11:42:00
1970-01-02 11:43:00,0.11538461538461539,1970-01-02 11:43:00
1970-01-02 11:44:00,0.13043478260869565,1970-01-02 11:44:00
1970-01-02 11:45:00,0.1875,1970-01-02 11:45:00
1970-01-02 11:46:00,0.09090909090909091,1970-01-02 11:46:00
1970-01-02 11:47:00,0.0,1970-01-02 11:47:00
1970-01-02 11:48:00,0.3076923076923077,1970-01-02 11:48:00
1970-01-02 11:49:00,0.0,1970-01-02 11:49:00
1970-01-02 11:50:00,0.0,1970-01-02 11:50:00
1970-01-02 11:51:00,0.16666666666666666,1970-01-02 11:51:00
1970-01-02 11:52:00,0.16,1970-01-02 11:52:00
1970-01-02 11:53:00,0.16666666666666666,1970-01-02 11:53:00
1970-01-02 11:54:00,0.2,1970-01-02 11:54:00
1970-01-02 11:55:00,0.2857142857142857,1970-01-02 11:55:00
1970-01-02 11:56:00,0.35,1970-01-02 11:56:00
1970-01-02 11:57:00,0.25,1970-01-02 11:57:00
1970-01-02 11:58:00,0.19047619047619047,1970-01-02 11:58:00
1970-01-02 11:59:00,0.13636363636363635,1970-01-02 11:59:00
1970-01-02 12:00:00,0.20930232558139536,1970-01-02 12:00:00
1970-01-02 12:01:00,0.0,1970-01-02 12:01:00
1970-01-02 12:02:00,0.03125,1970-01-02 12:02:00
1970-01-02 12:03:00,0.04878048780487805,1970-01-02 12:03:00
1970-01-02 12:04:00,0.08571428571428572,1970-01-02 12:04:00
1970-01-02 12:05:00,0.030303030303030304,1970-01-02 12:05:00
1970-01-02 12:06:00,0.15384615384615385,1970-01-02 12:06:00
1970-01-02 12:07:00,0.125,1970-01-02 12:07:00
1970-01-02 12:08:00,0.11428571428571428,1970-01-02 12:08:00
1970-01-02 12:09:00,0.027777777777777776,1970-01-02 12:09:00
1970-01-02 12:10:00,0.10344827586206896,1970-01-02 12:10:00
1970-01-02 12:11:00,0.13333333333333333,1970-01-02 12:11:00
1970-01-02 12:12:00,0.0625,1970-01-02 12:12:00
1970-01-02 12:13:00,0.22580645161290322,1970-01-02 12:13:00
1970-01-02 12:14:00,0.05,1970-01-02 12:14:00
1970-01-02 12:15:00,0.12903225806451613,1970-01-02 12:15:00
1970-01-02 12:16:00,0.044444444444444446,1970-01-02 12:16:00
1970-01-02 12:17:00,0.21212121212121213,1970-01-02 12:17:00
1970-01-02 12:18:00,0.07692307692307693,1970-01-02 12:18:00
1970-01-02 12:19:00,0.037037037037037035,1970-01-02 12:19:00
1970-01-02 12:20:00,0.05555555555555555,1970-01-02 12:20:00
1970-01-02 12:21:00,0.07142857142857142,1970-01-02 12:21:00
1970-01-02 12:22:00,0.061224489795918366,1970-01-02 12:22:00
1970-01-02 12:23:00,0.1891891891891892,1970-01-02 12:23:00
1970-01-02 12:24:00,0.02040816326530612,1970-01-02 12:24:00
1970-01-02 12:25:00,0.01694915254237288,1970-01-02 12:25:00
1970-01-02 12:26:00,0.019230769230769232,1970-01-02 12:26:00
1970-01-02 12:27:00,0.02564102564102564,1970-01-02 12:27:00
1970-01-02 12:28:00,0.13725490196078433,1970-01-02 12:28:00
1970-01-02 12:29:00,0.05,1970-01-02 12:29:00
1970-01-02 12:30:00,0.06976744186046512,1970-01-02 12:30:00
1970-01-02 12:31:00,0.0784313725490196,1970-01-02 12:31:00
1970-01-02 12:32:00,0.18421052631578946,1970-01-02 12:32:00
1970-01-02 12:33:00,0.10526315789473684,1970-01-02 12:33:00
1970-01-02 12:34:00,0.12727272727272726,1970-01-02 12:34:00
1970-01-02 12:35:00,0.05714285714285714,1970-01-02 12:35:00
1970-01-02 12:36:00,0.0,1970-01-02 12:36:00
1970-01-02 12:37:00,0.09803921568627451,1970-01-02 12:37:00
1970-01-02 12:38:00,0.06382978723404255,1970-01-02 12:38:00
1970-01-02 12:39:00,0.058823529411764705,1970-01-02 12:39:00
1970-01-02 12:40:00,0.0975609756097561,1970-01-02 12:40:00
1970-01-02 12:41:00,0.09523809523809523,1970-01-02 12:41:00
1970-01-02 12:42:00,0.13432835820895522,1970-01-02 12:42:00
1970-01-02 12:43:00,0.07042253521126761,1970-01-02 12:43:00
1970-01-02 12:44:00,0.05263157894736842,1970-01-02 12:44:00
1970-01-02 12:45:00,0.020833333333333332,1970-01-02 12:45:00
1970-01-02 12:46:00,0.09433962264150944,1970-01-02 12:46:00
1970-01-02 12:47:00,0.03636363636363636,1970-01-02 12:47:00
1970-01-02 12:48:00,0.058823529411764705,1970-01-02 12:48:00
1970-01-02 12:49:00,0.08695652173913043,1970-01-02 12:49:00
1970-01-02 12:50:00,0.0375,1970-01-02 12:50:00
1970-01-02 12:51:00,0.058823529411764705,1970-01-02 12:51:00
1970-01-02 12:52:00,0.1836734693877551,1970-01-02 12:52:00
1970-01-02 12:53:00,0.0945945945945946,1970-01-02 12:53:00
1970-01-02 12:54:00,0.046153846153846156,1970-01-02 12:54:00
1970-01-02 12:55:00,0.1111111111111111,1970-01-02 12:55:00
1970-01-02 12:56:00,0.08433734939759036,1970-01-02 12:56:00
1970-01-02 12:57:00,0.05405405405405406,1970-01-02 12:57:00
1970-01-02 12:58:00,0.08974358974358974,1970-01-02 12:58:00
1970-01-02 12:59:00,0.13157894736842105,1970-01-02 12:59:00
1970-01-02 13:00:00,0.16129032258064516,1970-01-02 13:00:00
1970-01-02 13:01:00,0.08571428571428572,1970-01-02 13:01:00
1970-01-02 13:02:00,0.14925373134328357,1970-01-02 13:02:00
1970-01-02 13:03:00,0.11764705882352941,1970-01-02 13:03:00
1970-01-02 13:04:00,0.13333333333333333,1970-01-02 13:04:00
1970-01-02 13:05:00,0.07142857142857142,1970-01-02 13:05:00
1970-01-02 13:06:00,0.056338028169014086,1970-01-02 13:06:00
1970-01-02 13:07:00,0.14666666666666667,1970-01-02 13:07:00
1970-01-02 13:08:00,0.06666666666666667,1970-01-02 13:08:00
1970-01-02 13:09:00,0.14814814814814814,1970-01-02 13:09:00
1970-01-02 13:10:00,0.08641975308641975,1970-01-02 13:10:00
1970-01-02 13:11:00,0.13432835820895522,1970-01-02 13:11:00
1970-01-02 13:12:00,0.07894736842105263,1970-01-02 13:12:00
1970-01-02 13:13:00,0.1506849315068493,1970-01-02 13:13:00
1970-01-02 13:14:00,0.21212121212121213,1970-01-02 13:14:00
1970-01-02 13:15:00,0.03773584905660377,1970-01-02 13:15:00
1970-01-02 13:16:00,0.13432835820895522,1970-01-02 13:16:00
1970-01-02 13:17:00,0.13043478260869565,1970-01-02 13:17:00
1970-01-02 13:18:00,0.05194805194805195,1970-01-02 13:18:00
1970-01-02 13:19:00,0.12658227848101267,1970-01-02 13:19:00
1970-01-02 13:20:00,0.13114754098360656,1970-01-02 13:20:00
1970-01-02 13:21:00,0.11842105263157894,1970-01-02 13:21:00
1970-01-02 13:22:00,0.17647058823529413,1970-01-02 13:22:00
1970-01-02 13:23:00,0.1,1970-01-02 13:23:00
1970-01-02 13:24:00,0.18055555555555555,1970-01-02 13:24:00
1970-01-02 13:25:00,0.10588235294117647,1970-01-02 13:25:00
1970-01-02 13:26:00,0.07142857142857142,1970-01-02 13:26:00
1970-01-02 13:27:00,0.1791044776119403,1970-01-02 13:27:00
1970-01-02 13:28:00,0.19230769230769232,1970-01-02 13:28:00
1970-01-02 13:29:00,0.125,1970-01-02 13:29:00
1970-01-02 13:30:00,0.0945945945945946,1970-01-02 13:30:00
1970-01-02 13:31:00,0.07894736842105263,1970-01-02 13:31:00
1970-01-02 13:32:00,0.0875,1970-01-02 13:32:00
1970-01-02 13:33:00,0.125,1970-01-02 13:33:00
1970-01-02 13:34:00,0.0963855421686747,1970-01-02 13:34:00
1970-01-02 13:35:00,0.05747126436781609,1970-01-02 13:35:00
1970-01-02 13:36:00,0.18181818181818182,1970-01-02 13:36:00
1970-01-02 13:37:00,0.05102040816326531,1970-01-02 13:37:00
1970-01-02 13:38:00,0.08256880733944955,1970-01-02 13:38:00
1970-01-02 13:39:00,0.09090909090909091,1970-01-02 13:39:00
1970-01-02 13:40:00,0.15384615384615385,1970-01-02 13:40:00
1970-01-02 13:41:00,0.07142857142857142,1970-01-02 13:41:00
1970-01-02 13:42:00,0.13274336283185842,1970-01-02 13:42:00
1970-01-02 13:43:00,0.12962962962962962,1970-01-02 13:43:00
1970-01-02 13:44:00,0.08333333333333333,1970-01-02 13:44:00
1970-01-02 13:45:00,0.14583333333333334,1970-01-02 13:45:00
1970-01-02 13:46:00,0.0594059405940594,1970-01-02 13:46:00
1970-01-02 13:47:00,0.15384615384615385,1970-01-02 13:47:00
1970-01-02 13:48:00,0.12878787878787878,1970-01-02 13:48:00
1970-01-02 13:49:00,0.21,1970-01-02 13:49:00
1970-01-02 13:50:00,0.06451612903225806,1970-01-02 13:50:00
1970-01-02 13:51:00,0.16666666666666666,1970-01-02 13:51:00
1970-01-02 13:52:00,0.13559322033898305,1970-01-02 13:52:00
1970-01-02 13:53:00,0.07518796992481203,1970-01-02 13:53:00
1970-01-02 13:54:00,0.13675213675213677,1970-01-02 13:54:00
1970-01-02 13:55:00,0.0975609756097561,1970-01-02 13:55:00
1970-01-02 13:56:00,0.09322033898305085,1970-01-02 13:56:00
1970-01-02 13:57:00,0.1743119266055046,1970-01-02 13:57:00
1970-01-02 13:58:00,0.08527131782945736,1970-01-02 13:58:00
1970-01-02 13:59:00,0.13392857142857142,1970-01-02 13:59:00
1970-01-02 14:00:00,0.1,1970-01-02 14:00:00
1970-01-02 14:01:00,0.0916030534351145,1970-01-02 14:01:00
1970-01-02 14:02:00,0.09803921568627451,1970-01-02 14:02:00
1970-01-02 14:03:00,0.1111111111111111,1970-01-02 14:03:00
1970-01-02 14:04:00,0.08333333333333333,1970-01-02 14:04:00
1970-01-02 14:05:00,0.05714285714285714,1970-01-02 14:05:00
1970-01-02 14:06:00,0.1875,1970-01-02 14:06:00
1970-01-02 14:07:00,0.12598425196850394,1970-01-02 14:07:00
1970-01-02 14:08:00,0.15942028985507245,1970-01-02 14:08:00
1970-01-02 14:09:00,0.10897435897435898,1970-01-02 14:09:00
1970-01-02 14:10:00,0.10273972602739725,1970-01-02 14:10:00
1970-01-02 14:11:00,0.10843373493975904,1970-01-02 14:11:00
1970-01-02 14:12:00,0.1032258064516129,1970-01-02 14:12:00
1970-01-02 14:13:00,0.1678832116788321,1970-01-02 14:13:00
1970-01-02 14:14:00,0.11724137931034483,1970-01-02 14:14:00
1970-01-02 14:15:00,0.09740259740259741,1970-01-02 14:15:00
1970-01-02 14:16:00,0.12318840579710146,1970-01-02 14:16:00
1970-01-02 14:17:00,0.15942028985507245,1970-01-02 14:17:00
1970-01-02 14:18:00,0.13013698630136986,1970-01-02 14:18:00
1970-01-02 14:19:00,0.06547619047619048,1970-01-02 14:19:00
1970-01-02 14:20:00,0.1038961038961039,1970-01-02 14:20:00
1970-01-02 14:21:00,0.0880503144654088,1970-01-02 14:21:00
1970-01-02 14:22:00,0.09659090909090909,1970-01-02 14:22:00
1970-01-02 14:23:00,0.12195121951219512,1970-01-02 14:23:00
1970-01-02 14:24:00,0.1111111111111111,1970-01-02 14:24:00
1970-01-02 14:25:00,0.08875739644970414,1970-01-02 14:25:00
1970-01-02 14:26:00,0.12857142857142856,1970-01-02 14:26:00
1970-01-02 14:27:00,0.09550561797752809,1970-01-02 14:27:00
1970-01-02 14:28:00,0.10919540229885058,1970-01-02 14:28:00
1970-01-02 14:29:00,0.1625,1970-01-02 14:29:00
1970-01-02 14:30:00,0.11038961038961038,1970-01-02 14:30:00
1970-01-02 14:31:00,0.09467455621301775,1970-01-02 14:31:00
1970-01-02 14:32:00,0.1375,1970-01-02 14:32:00
1970-01-02 14:33:00,0.09895833333333333,1970-01-02 14:33:00
1970-01-02 14:34:00,0.11475409836065574,1970-01-02 14:34:00
1970-01-02 14:35:00,0.11042944785276074,1970-01-02 14:35:00
1970-01-02 14:36:00,0.15337423312883436,1970-01-02 14:36:00
1970-01-02 14:37:00,0.0962566844919786,1970-01-02 14:37:00
1970-01-02 14:38:00,0.10382513661202186,1970-01-02 14:38:00
1970-01-02 14:39:00,0.1044776119402985,1970-01-02 14:39:00
1970-01-02 14:40:00,0.1836734693877551,1970-01-02 14:40:00
1970-01-02 14:41:00,0.1116751269035533,1970-01-02 14:41:00
1970-01-02 14:42:00,0.13297872340425532,1970-01-02 14:42:00
1970-01-02 14:43:00,0.08108108108108109,1970-01-02 14:43:00
1970-01-02 14:44:00,0.06748466257668712,1970-01-02 14:44:00
1970-01-02 14:45:00,0.13839285714285715,1970-01-02 14:45:00
1970-01-02 14:46:00,0.10215053763440861,1970-01-02 14:46:00
1970-01-02 14:47:00,0.1865671641791045,1970-01-02 14:47:00
1970-01-02 14:48:00,0.09740259740259741,1970-01-02 14:48:00
1970-01-02 14:49:00,0.13253012048192772,1970-01-02 14:49:00
1970-01-02 14:50:00,0.10382513661202186,1970-01-02 14:50:00
1970-01-02 14:51:00,0.12,1970-01-02 14:51:00
1970-01-02 14:52:00,0.17543859649122806,1970-01-02 14:52:00
1970-01-02 14:53:00,0.17391304347826086,1970-01-02 14:53:00
1970-01-02 14:54:00,0.10152284263959391,1970-01-02 14:54:00
1970-01-02 14:55:00,0.13978494623655913,1970-01-02 14:55:00
1970-01-02 14:56:00,0.09326424870466321,1970-01-02 14:56:00
1970-01-02 14:57:00,0.0871559633027523,1970-01-02 14:57:00
1970-01-02 14:58:00,0.12322274881516587,1970-01-02 14:58:00
1970-01-02 14:59:00,0.12745098039215685,1970-01-02 14:59:00
1970-01-02 15:00:00,0.14136125654450263,1970-01-02 15:00:00
1970-01-02 15:01:00,0.13690476190476192,1970-01-02 15:01:00
1970-01-02 15:02:00,0.125,1970-01-02 15:02:00
1970-01-02 15:03:00,0.125,1970-01-02 15:03:00
1970-01-02 15:04:00,0.18471337579617833,1970-01-02 15:04:00
1970-01-02 15:05:00,0.11004784688995216,1970-01-02 15:05:00
1970-01-02 15:06:00,0.11904761904761904,1970-01-02 15:06:00
1970-01-02 15:07:00,0.11398963730569948,1970-01-02 15:07:00
1970-01-02 15:08:00,0.14427860696517414,1970-01-02 15:08:00
1970-01-02 15:09:00,0.1145374449339207,1970-01-02 15:09:00
1970-01-02 15:10:00,0.1366120218579235,1970-01-02 15:10:00
1970-01-02 15:11:00,0.16304347826086957,1970-01-02 15:11:00
1970-01-02 15:12:00,0.13333333333333333,1970-01-02 15:12:00
1970-01-02 15:13:00,0.1497005988023952,1970-01-02 15:13:00
1970-01-02 15:14:00,0.1507537688442211,1970-01-02 15:14:00
1970-01-02 15:15:00,0.15763546798029557,1970-01-02 15:15:00
1970-01-02 15:16:00,0.09137055837563451,1970-01-02 15:16:00
1970-01-02 15:17:00,0.15422885572139303,1970-01-02 15:17:00
1970-01-02 15:18:00,0.10833333333333334,1970-01-02 15:18:00
1970-01-02 15:19:00,0.1073170731707317,1970-01-02 15:19:00
1970-01-02 15:20:00,0.13302752293577982,1970-01-02 15:20:00
1970-01-02 15:21:00,0.1277533039647577,1970-01-02 15:21:00
1970-01-02 15:22:00,0.125,1970-01-02 15:22:00
1970-01-02 15:23:00,0.15668202764976957,1970-01-02 15:23:00
1970-01-02 15:24:00,0.12184873949579832,1970-01-02 15:24:00
1970-01-02 15:25:00,0.11794871794871795,1970-01-02 15:25:00
1970-01-02 15:26:00,0.11616161616161616,1970-01-02 15:26:00
1970-01-02 15:27:00,0.15,1970-01-02 15:27:00
1970-01-02 15:28:00,0.16740088105726872,1970-01-02 15:28:00
1970-01-02 15:29:00,0.13761467889908258,1970-01-02 15:29:00
1970-01-02 15:30:00,0.12745098039215685,1970-01-02 15:30:00
1970-01-02 15:31:00,0.19213973799126638,1970-01-02 15:31:00
1970-01-02 15:32:00,0.10822510822510822,1970-01-02 15:32:00
1970-01-02 15:33:00,0.15508021390374332,1970-01-02 15:33:00
1970-01-02 15:34:00,0.12121212121212122,1970-01-02 15:34:00
1970-01-02 15:35:00,0.09821428571428571,1970-01-02 15:35:00
1970-01-02 15:36:00,0.1282051282051282,1970-01-02 15:36:00
1970-01-02 15:37:00,0.12608695652173912,1970-01-02 15:37:00
1970-01-02 15:38:00,0.1,1970-01-02 15:38:00
1970-01-02 15:39:00,0.09545454545454546,1970-01-02 15:39:00
1970-01-02 15:40:00,0.11440677966101695,1970-01-02 15:40:00
1970-01-02 15:41:00,0.19090909090909092,1970-01-02 15:41:00
1970-01-02 15:42:00,0.13777777777777778,1970-01-02 15:42:00
1970-01-02 15:43:00,0.1050228310502283,1970-01-02 15:43:00
1970-01-02 15:44:00,0.1274131274131274,1970-01-02 15:44:00
1970-01-02 15:45:00,0.1206896551724138,1970-01-02 15:45:00
1970-01-02 15:46:00,0.13170731707317074,1970-01-02 15:46:00
1970-01-02 15:47:00,0.16740088105726872,1970-01-02 15:47:00
1970-01-02 15:48:00,0.09821428571428571,1970-01-02 15:48:00
1970-01-02 15:49:00,0.15422885572139303,1970-01-02 15:49:00
1970-01-02 15:50:00,0.17452830188679244,1970-01-02 15:50:00
1970-01-02 15:51:00,0.15765765765765766,1970-01-02 15:51:00
1970-01-02 15:52:00,0.09328358208955224,1970-01-02 15:52:00
1970-01-02 15:53:00,0.14912280701754385,1970-01-02 15:53:00
1970-01-02 15:54:00,0.14537444933920704,1970-01-02 15:54:00
1970-01-02 15:55:00,0.1415525114155251,1970-01-02 15:55:00
1970-01-02 15:56:00,0.16796875,1970-01-02 15:56:00
1970-01-02 15:57:00,0.11029411764705882,1970-01-02 15:57:00
1970-01-02 15:58:00,0.12903225806451613,1970-01-02 15:58:00
1970-01-02 15:59:00,0.14285714285714285,1970-01-02 15:59:00
1970-01-02 16:00:00,0.18828451882845187,1970-01-02 16:00:00
1970-01-02 16:01:00,0.1336206896551724,1970-01-02 16:01:00
1970-01-02 16:02:00,0.2017167381974249,1970-01-02 16:02:00
1970-01-02 16:03:00,0.15695067264573992,1970-01-02 16:03:00
1970-01-02 16:04:00,0.10909090909090909,1970-01-02 16:04:00
1970-01-02 16:05:00,0.2072072072072072,1970-01-02 16:05:00
1970-01-02 16:06:00,0.19523809523809524,1970-01-02 16:06:00
1970-01-02 16:07:00,0.11382113821138211,1970-01-02 16:07:00
1970-01-02 16:08:00,0.17796610169491525,1970-01-02 16:08:00
1970-01-02 16:09:00,0.1346938775510204,1970-01-02 16:09:00
1970-01-02 16:10:00,0.09090909090909091,1970-01-02 16:10:00
1970-01-02 16:11:00,0.15450643776824036,1970-01-02 16:11:00
1970-01-02 16:12:00,0.12658227848101267,1970-01-02 16:12:00
1970-01-02 16:13:00,0.14537444933920704,1970-01-02 16:13:00
1970-01-02 16:14:00,0.08502024291497975,1970-01-02 16:14:00
1970-01-02 16:15:00,0.08936170212765958,1970-01-02 16:15:00
1970-01-02 16:16:00,0.12109375,1970-01-02 16:16:00
1970-01-02 16:17:00,0.16379310344827586,1970-01-02 16:17:00
1970-01-02 16:18:00,0.14285714285714285,1970-01-02 16:18:00
1970-01-02 16:19:00,0.12,1970-01-02 16:19:00
1970-01-02 16:20:00,0.15354330708661418,1970-01-02 16:20:00
1970-01-02 16:21:00,0.1446280991735537,1970-01-02 16:21:00
1970-01-02 16:22:00,0.12307692307692308,1970-01-02 16:22:00
1970-01-02 16:23:00,0.1350210970464135,1970-01-02 16:23:00
1970-01-02 16:24:00,0.1583710407239819,1970-01-02 16:24:00
1970-01-02 16:25:00,0.18777292576419213,1970-01-02 16:25:00
1970-01-02 16:26:00,0.12301587301587301,1970-01-02 16:26:00
1970-01-02 16:27:00,0.16129032258064516,1970-01-02 16:27:00
1970-01-02 16:28:00,0.17488789237668162,1970-01-02 16:28:00
1970-01-02 16:29:00,0.12406015037593984,1970-01-02 16:29:00
1970-01-02 16:30:00,0.1446280991735537,1970-01-02 16:30:00
1970-01-02 16:31:00,0.17829457364341086,1970-01-02 16:31:00
1970-01-02 16:32:00,0.15625,1970-01-02 16:32:00
1970-01-02 16:33:00,0.16129032258064516,1970-01-02 16:33:00
1970-01-02 16:34:00,0.1440329218106996,1970-01-02 16:34:00
1970-01-02 16:35:00,0.16049382716049382,1970-01-02 16:35:00
1970-01-02 16:36:00,0.16049382716049382,1970-01-02 16:36:00
1970-01-02 16:37:00,0.12790697674418605,1970-01-02 16:37:00
1970-01-02 16:38:00,0.18181818181818182,1970-01-02 16:38:00
1970-01-02 16:39:00,0.1625,1970-01-02 16:39:00
1970-01-02 16:40:00,0.11462450592885376,1970-01-02 16:40:00
1970-01-02 16:41:00,0.15767634854771784,1970-01-02 16:41:00
1970-01-02 16:42:00,0.12244897959183673,1970-01-02 16:42:00
1970-01-02 16:43:00,0.16546762589928057,1970-01-02 16:43:00
1970-01-02 16:44:00,0.12781954887218044,1970-01-02 16:44:00
1970-01-02 16:45:00,0.14566929133858267,1970-01-02 16:45:00
1970-01-02 16:46:00,0.1259259259259259,1970-01-02 16:46:00
1970-01-02 16:47:00,0.14028776978417265,1970-01-02 16:47:00
1970-01-02 16:48:00,0.1623931623931624,1970-01-02 16:48:00
1970-01-02 16:49:00,0.1940928270042194,1970-01-02 16:49:00
1970-01-02 16:50:00,0.15471698113207547,1970-01-02 16:50:00
1970-01-02 16:51:00,0.1276595744680851,1970-01-02 16:51:00
1970-01-02 16:52:00,0.13309352517985612,1970-01-02 16:52:00
1970-01-02 16:53:00,0.10431654676258993,1970-01-02 16:53:00
1970-01-02 16:54:00,0.149812734082397,1970-01-02 16:54:00
1970-01-02 16:55:00,0.1565217391304348,1970-01-02 16:55:00
1970-01-02 16:56:00,0.16796875,1970-01-02 16:56:00
1970-01-02 16:57:00,0.22072072072072071,1970-01-02 16:57:00
1970-01-02 16:58:00,0.12867647058823528,1970-01-02 16:58:00
1970-01-02 16:59:00,0.1412639405204461,1970-01-02 16:59:00
1970-01-02 17:00:00,0.16541353383458646,1970-01-02 17:00:00
1970-01-02 17:01:00,0.16595744680851063,1970-01-02 17:01:00
1970-01-02 17:02:00,0.16033755274261605,1970-01-02 17:02:00
1970-01-02 17:03:00,0.14705882352941177,1970-01-02 17:03:00
1970-01-02 17:04:00,0.188,1970-01-02 17:04:00
1970-01-02 17:05:00,0.17886178861788618,1970-01-02 17:05:00
1970-01-02 17:06:00,0.16862745098039217,1970-01-02 17:06:00
1970-01-02 17:07:00,0.13545816733067728,1970-01-02 17:07:00
1970-01-02 17:08:00,0.12307692307692308,1970-01-02 17:08:00
1970-01-02 17:09:00,0.0916030534351145,1970-01-02 17:09:00
1970-01-02 17:10:00,0.13333333333333333,1970-01-02 17:10:00
1970-01-02 17:11:00,0.18410041841004185,1970-01-02 17:11:00
1970-01-02 17:12:00,0.09764309764309764,1970-01-02 17:12:00
1970-01-02 17:13:00,0.18181818181818182,1970-01-02 17:13:00
1970-01-02 17:14:00,0.1724137931034483,1970-01-02 17:14:00
1970-01-02 17:15:00,0.11567164179104478,1970-01-02 17:15:00
1970-01-02 17:16:00,0.11743772241992882,1970-01-02 17:16:00
1970-01-02 17:17:00,0.17120622568093385,1970-01-02 17:17:00
1970-01-02 17:18:00,0.13025210084033614,1970-01-02 17:18:00
1970-01-02 17:19:00,0.13011152416356878,1970-01-02 17:19:00
1970-01-02 17:20:00,0.18421052631578946,1970-01-02 17:20:00
1970-01-02 17:21:00,0.1694915254237288,1970-01-02 17:21:00
1970-01-02 17:22:00,0.16141732283464566,1970-01-02 17:22:00
1970-01-02 17:23:00,0.11481481481481481,1970-01-02 17:23:00
1970-01-02 17:24:00,0.1811320754716981,1970-01-02 17:24:00
1970-01-02 17:25:00,0.1565217391304348,1970-01-02 17:25:00
1970-01-02 17:26:00,0.24267782426778242,1970-01-02 17:26:00
1970-01-02 17:27:00,0.13829787234042554,1970-01-02 17:27:00
1970-01-02 17:28:00,0.1434108527131783,1970-01-02 17:28:00
1970-01-02 17:29:00,0.1659919028340081,1970-01-02 17:29:00
1970-01-02 17:30:00,0.17582417582417584,1970-01-02 17:30:00
1970-01-02 17:31:00,0.1471698113207547,1970-01-02 17:31:00
1970-01-02 17:32:00,0.15120274914089346,1970-01-02 17:32:00
1970-01-02 17:33:00,0.14655172413793102,1970-01-02 17:33:00
1970-01-02 17:34:00,0.14666666666666667,1970-01-02 17:34:00
1970-01-02 17:35:00,0.1377952755905512,1970-01-02 17:35:00
1970-01-02 17:36:00,0.11355311355311355,1970-01-02 17:36:00
1970-01-02 17:37:00,0.137546468401487,1970-01-02 17:37:00
1970-01-02 17:38:00,0.15492957746478872,1970-01-02 17:38:00
1970-01-02 17:39:00,0.1825726141078838,1970-01-02 17:39:00
1970-01-02 17:40:00,0.18333333333333332,1970-01-02 17:40:00
1970-01-02 17:41:00,0.16544117647058823,1970-01-02 17:41:00
1970-01-02 17:42:00,0.1626984126984127,1970-01-02 17:42:00
1970-01-02 17:43:00,0.16115702479338842,1970-01-02 17:43:00
1970-01-02 17:44:00,0.18359375,1970-01-02 17:44:00
1970-01-02 17:45:00,0.18725099601593626,1970-01-02 17:45:00
1970-01-02 17:46:00,0.11708860759493671,1970-01-02 17:46:00
1970-01-02 17:47:00,0.14925373134328357,1970-01-02 17:47:00
1970-01-02 17:48:00,0.17557251908396945,1970-01-02 17:48:00
1970-01-02 17:49:00,0.14285714285714285,1970-01-02 17:49:00
1970-01-02 17:50:00,0.14695340501792115,1970-01-02 17:50:00
1970-01-02 17:51:00,0.14785992217898833,1970-01-02 17:51:00
1970-01-02 17:52:00,0.16044776119402984,1970-01-02 17:52:00
1970-01-02 17:53:00,0.12408759124087591,1970-01-02 17:53:00
1970-01-02 17:54:00,0.17894736842105263,1970-01-02 17:54:00
1970-01-02 17:55:00,0.20491803278688525,1970-01-02 17:55:00
1970-01-02 17:56:00,0.1394422310756972,1970-01-02 17:56:00
1970-01-02 17:57:00,0.15034965034965034,1970-01-02 17:57:00
1970-01-02 17:58:00,0.20168067226890757,1970-01-02 17:58:00
1970-01-02 17:59:00,0.1422924901185771,1970-01-02 17:59:00
1970-01-02 18:00:00,0.15352697095435686,1970-01-02 18:00:00
1970-01-02 18:01:00,0.09578544061302682,1970-01-02 18:01:00
1970-01-02 18:02:00,0.1693548387096774,1970-01-02 18:02:00
1970-01-02 18:03:00,0.16470588235294117,1970-01-02 18:03:00
1970-01-02 18:04:00,0.1879432624113475,1970-01-02 18:04:00
1970-01-02 18:05:00,0.15441176470588236,1970-01-02 18:05:00
1970-01-02 18:06:00,0.19111111111111112,1970-01-02 18:06:00
1970-01-02 18:07:00,0.1825726141078838,1970-01-02 18:07:00
1970-01-02 18:08:00,0.11764705882352941,1970-01-02 18:08:00
1970-01-02 18:09:00,0.1532567049808429,1970-01-02 18:09:00
1970-01-02 18:10:00,0.13157894736842105,1970-01-02 18:10:00
1970-01-02 18:11:00,0.15948275862068967,1970-01-02 18:11:00
1970-01-02 18:12:00,0.1693548387096774,1970-01-02 18:12:00
1970-01-02 18:13:00,0.11522633744855967,1970-01-02 18:13:00
1970-01-02 18:14:00,0.13821138211382114,1970-01-02 18:14:00
1970-01-02 18:15:00,0.16129032258064516,1970-01-02 18:15:00
1970-01-02 18:16:00,0.13127413127413126,1970-01-02 18:16:00
1970-01-02 18:17:00,0.2139917695473251,1970-01-02 18:17:00
1970-01-02 18:18:00,0.22594142259414227,1970-01-02 18:18:00
1970-01-02 18:19:00,0.1702127659574468,1970-01-02 18:19:00
1970-01-02 18:20:00,0.15789473684210525,1970-01-02 18:20:00
1970-01-02 18:21:00,0.1349206349206349,1970-01-02 18:21:00
1970-01-02 18:22:00,0.15481171548117154,1970-01-02 18:22:00
1970-01-02 18:23:00,0.11552346570397112,1970-01-02 18:23:00
1970-01-02 18:24:00,0.14655172413793102,1970-01-02 18:24:00
1970-01-02 18:25:00,0.17391304347826086,1970-01-02 18:25:00
1970-01-02 18:26:00,0.10931174089068826,1970-01-02 18:26:00
1970-01-02 18:27:00,0.15810276679841898,1970-01-02 18:27:00
1970-01-02 18:28:00,0.164,1970-01-02 18:28:00
1970-01-02 18:29:00,0.14859437751004015,1970-01-02 18:29:00
1970-01-02 18:30:00,0.16666666666666666,1970-01-02 18:30:00
1970-01-02 18:31:00,0.13253012048192772,1970-01-02 18:31:00
1970-01-02 18:32:00,0.18072289156626506,1970-01-02 18:32:00
1970-01-02 18:33:00,0.13636363636363635,1970-01-02 18:33:00
1970-01-02 18:34:00,0.20833333333333334,1970-01-02 18:34:00
1970-01-02 18:35:00,0.16810344827586207,1970-01-02 18:35:00
1970-01-02 18:36:00,0.14,1970-01-02 18:36:00
1970-01-02 18:37:00,0.10150375939849623,1970-01-02 18:37:00
1970-01-02 18:38:00,0.16475095785440613,1970-01-02 18:38:00
1970-01-02 18:39:00,0.15748031496062992,1970-01-02 18:39:00
1970-01-02 18:40:00,0.17857142857142858,1970-01-02 18:40:00
1970-01-02 18:41:00,0.18106995884773663,1970-01-02 18:41:00
1970-01-02 18:42:00,0.15948275862068967,1970-01-02 18:42:00
1970-01-02 18:43:00,0.12790697674418605,1970-01-02 18:43:00
1970-01-02 18:44:00,0.15584415584415584,1970-01-02 18:44:00
1970-01-02 18:45:00,0.09578544061302682,1970-01-02 18:45:00
1970-01-02 18:46:00,0.155893536121673,1970-01-02 18:46:00
1970-01-02 18:47:00,0.20408163265306123,1970-01-02 18:47:00
1970-01-02 18:48:00,0.1934156378600823,1970-01-02 18:48:00
1970-01-02 18:49:00,0.14909090909090908,1970-01-02 18:49:00
1970-01-02 18:50:00,0.12222222222222222,1970-01-02 18:50:00
1970-01-02 18:51:00,0.20689655172413793,1970-01-02 18:51:00
1970-01-02 18:52:00,0.15510204081632653,1970-01-02 18:52:00
1970-01-02 18:53:00,0.13653136531365315,1970-01-02 18:53:00
1970-01-02 18:54:00,0.13524590163934427,1970-01-02 18:54:00
1970-01-02 18:55:00,0.17142857142857143,1970-01-02 18:55:00
1970-01-02 18:56:00,0.16923076923076924,1970-01-02 18:56:00
1970-01-02 18:57:00,0.17777777777777778,1970-01-02 18:57:00
1970-01-02 18:58:00,0.1839080459770115,1970-01-02 18:58:00
1970-01-02 18:59:00,0.1417910447761194,1970-01-02 18:59:00
1970-01-02 19:00:00,0.1906779661016949,1970-01-02 19:00:00
1970-01-02 19:01:00,0.21100917431192662,1970-01-02 19:01:00
1970-01-02 19:02:00,0.16591928251121077,1970-01-02 19:02:00
1970-01-02 19:03:00,0.14468085106382977,1970-01-02 19:03:00
1970-01-02 19:04:00,0.19444444444444445,1970-01-02 19:04:00
1970-01-02 19:05:00,0.11673151750972763,1970-01-02 19:05:00
1970-01-02 19:06:00,0.10569105691056911,1970-01-02 19:06:00
1970-01-02 19:07:00,0.14345991561181434,1970-01-02 19:07:00
1970-01-02 19:08:00,0.1774193548387097,1970-01-02 19:08:00
1970-01-02 19:09:00,0.16796875,1970-01-02 19:09:00
1970-01-02 19:10:00,0.12452830188679245,1970-01-02 19:10:00
1970-01-02 19:11:00,0.128,1970-01-02 19:11:00
1970-01-02 19:12:00,0.20253164556962025,1970-01-02 19:12:00
1970-01-02 19:13:00,0.1724137931034483,1970-01-02 19:13:00
1970-01-02 19:14:00,0.14414414414414414,1970-01-02 19:14:00
1970-01-02 19:15:00,0.1455223880597015,1970-01-02 19:15:00
1970-01-02 19:16:00,0.16104868913857678,1970-01-02 19:16:00
1970-01-02 19:17:00,0.10683760683760683,1970-01-02 19:17:00
1970-01-02 19:18:00,0.1693548387096774,1970-01-02 19:18:00
1970-01-02 19:19:00,0.15165876777251186,1970-01-02 19:19:00
1970-01-02 19:20:00,0.15725806451612903,1970-01-02 19:20:00
1970-01-02 19:21:00,0.15891472868217055,1970-01-02 19:21:00
1970-01-02 19:22:00,0.1552511415525114,1970-01-02 19:22:00
1970-01-02 19:23:00,0.16593886462882096,1970-01-02 19:23:00
1970-01-02 19:24:00,0.140893470790378,1970-01-02 19:24:00
1970-01-02 19:25:00,0.12595419847328243,1970-01-02 19:25:00
1970-01-02 19:26:00,0.2017167381974249,1970-01-02 19:26:00
1970-01-02 19:27:00,0.1618705035971223,1970-01-02 19:27:00
1970-01-02 19:28:00,0.16917293233082706,1970-01-02 19:28:00
1970-01-02 19:29:00,0.1596958174904943,1970-01-02 19:29:00
1970-01-02 19:30:00,0.13358778625954199,1970-01-02 19:30:00
1970-01-02 19:31:00,0.20920502092050208,1970-01-02 19:31:00
1970-01-02 19:32:00,0.22413793103448276,1970-01-02 19:32:00
1970-01-02 19:33:00,0.13358778625954199,1970-01-02 19:33:00
1970-01-02 19:34:00,0.1423076923076923,1970-01-02 19:34:00
1970-01-02 19:35:00,0.16194331983805668,1970-01-02 19:35:00
1970-01-02 19:36:00,0.13043478260869565,1970-01-02 19:36:00
1970-01-02 19:37:00,0.14388489208633093,1970-01-02 19:37:00
1970-01-02 19:38:00,0.13636363636363635,1970-01-02 19:38:00
1970-01-02 19:39:00,0.15498154981549817,1970-01-02 19:39:00
1970-01-02 19:40:00,0.11439114391143912,1970-01-02 19:40:00
1970-01-02 19:41:00,0.17768595041322313,1970-01-02 19:41:00
1970-01-02 19:42:00,0.15849056603773584,1970-01-02 19:42:00
1970-01-02 19:43:00,0.13986013986013987,1970-01-02 19:43:00
1970-01-02 19:44:00,0.16141732283464566,1970-01-02 19:44:00
1970-01-02 19:45:00,0.14,1970-01-02 19:45:00
1970-01-02 19:46:00,0.168,1970-01-02 19:46:00
1970-01-02 19:47:00,0.15355805243445692,1970-01-02 19:47:00
1970-01-02 19:48:00,0.18867924528301888,1970-01-02 19:48:00
1970-01-02 19:49:00,0.15671641791044777,1970-01-02 19:49:00
1970-01-02 19:50:00,0.12927756653992395,1970-01-02 19:50:00
1970-01-02 19:51:00,0.13565891472868216,1970-01-02 19:51:00
1970-01-02 19:52:00,0.155893536121673,1970-01-02 19:52:00
1970-01-02 19:53:00,0.1417004048582996,1970-01-02 19:53:00
1970-01-02 19:54:00,0.14285714285714285,1970-01-02 19:54:00
1970-01-02 19:55:00,0.12903225806451613,1970-01-02 19:55:00
1970-01-02 19:56:00,0.1423076923076923,1970-01-02 19:56:00
1970-01-02 19:57:00,0.13962264150943396,1970-01-02 19:57:00
1970-01-02 19:58:00,0.13380281690140844,1970-01-02 19:58:00
1970-01-02 19:59:00,0.14130434782608695,1970-01-02 19:59:00
1970-01-02 20:00:00,0.1183206106870229,1970-01-02 20:00:00
1970-01-02 20:01:00,0.12648221343873517,1970-01-02 20:01:00
1970-01-02 20:02:00,0.16153846153846155,1970-01-02 20:02:00
1970-01-02 20:03:00,0.16412213740458015,1970-01-02 20:03:00
1970-01-02 20:04:00,0.11494252873563218,1970-01-02 20:04:00
1970-01-02 20:05:00,0.11895910780669144,1970-01-02 20:05:00
1970-01-02 20:06:00,0.12121212121212122,1970-01-02 20:06:00
1970-01-02 20:07:00,0.17164179104477612,1970-01-02 20:07:00
1970-01-02 20:08:00,0.19742489270386265,1970-01-02 20:08:00
1970-01-02 20:09:00,0.14615384615384616,1970-01-02 20:09:00
1970-01-02 20:10:00,0.1423487544483986,1970-01-02 20:10:00
1970-01-02 20:11:00,0.1412639405204461,1970-01-02 20:11:00
1970-01-02 20:12:00,0.16049382716049382,1970-01-02 20:12:00
1970-01-02 20:13:00,0.14885496183206107,1970-01-02 20:13:00
1970-01-02 20:14:00,0.13026819923371646,1970-01-02 20:14:00
1970-01-02 20:15:00,0.17813765182186234,1970-01-02 20:15:00
1970-01-02 20:16:00,0.1902834008097166,1970-01-02 20:16:00
1970-01-02 20:17:00,0.16974169741697417,1970-01-02 20:17:00
1970-01-02 20:18:00,0.1263537906137184,1970-01-02 20:18:00
1970-01-02 20:19:00,0.16030534351145037,1970-01-02 20:19:00
1970-01-02 20:20:00,0.1174496644295302,1970-01-02 20:20:00
1970-01-02 20:21:00,0.1589958158995816,1970-01-02 20:21:00
1970-01-02 20:22:00,0.18352059925093633,1970-01-02 20:22:00
1970-01-02 20:23:00,0.17120622568093385,1970-01-02 20:23:00
1970-01-02 20:24:00,0.19047619047619047,1970-01-02 20:24:00
1970-01-02 20:25:00,0.14615384615384616,1970-01-02 20:25:00
1970-01-02 20:26:00,0.16483516483516483,1970-01-02 20:26:00
1970-01-02 20:27:00,0.12162162162162163,1970-01-02 20:27:00
1970-01-02 20:28:00,0.19834710743801653,1970-01-02 20:28:00
1970-01-02 20:29:00,0.1700404858299595,1970-01-02 20:29:00
1970-01-02 20:30:00,0.20599250936329588,1970-01-02 20:30:00
1970-01-02 20:31:00,0.17110266159695817,1970-01-02 20:31:00
1970-01-02 20:32:00,0.14671814671814673,1970-01-02 20:32:00
1970-01-02 20:33:00,0.156,1970-01-02 20:33:00
1970-01-02 20:34:00,0.12915129151291513,1970-01-02 20:34:00
1970-01-02 20:35:00,0.14814814814814814,1970-01-02 20:35:00
1970-01-02 20:36:00,0.13523131672597866,1970-01-02 20:36:00
1970-01-02 20:37:00,0.1794871794871795,1970-01-02 20:37:00
1970-01-02 20:38:00,0.1366906474820144,1970-01-02 20:38:00
1970-01-02 20:39:00,0.14338235294117646,1970-01-02 20:39:00
1970-01-02 20:40:00,0.15770609318996415,1970-01-02 20:40:00
1970-01-02 20:41:00,0.1407942238267148,1970-01-02 20:41:00
1970-01-02 20:42:00,0.17154811715481172,1970-01-02 20:42:00
1970-01-02 20:43:00,0.17753623188405798,1970-01-02 20:43:00
1970-01-02 20:44:00,0.14559386973180077,1970-01-02 20:44:00
1970-01-02 20:45:00,0.15613382899628253,1970-01-02 20:45:00
1970-01-02 20:46:00,0.13333333333333333,1970-01-02 20:46:00
1970-01-02 20:47:00,0.16182572614107885,1970-01-02 20:47:00
1970-01-02 20:48:00,0.16595744680851063,1970-01-02 20:48:00
1970-01-02 20:49:00,0.18072289156626506,1970-01-02 20:49:00
1970-01-02 20:50:00,0.16929133858267717,1970-01-02 20:50:00
1970-01-02 20:51:00,0.1781818181818182,1970-01-02 20:51:00
1970-01-02 20:52:00,0.16342412451361868,1970-01-02 20:52:00
1970-01-02 20:53:00,0.1540880503144654,1970-01-02 20:53:00
1970-01-02 20:54:00,0.13358778625954199,1970-01-02 20:54:00
1970-01-02 20:55:00,0.15810276679841898,1970-01-02 20:55:00
1970-01-02 20:56:00,0.17045454545454544,1970-01-02 20:56:00
1970-01-02 20:57:00,0.1624548736462094,1970-01-02 20:57:00
1970-01-02 20:58:00,0.1455223880597015,1970-01-02 20:58:00
1970-01-02 20:59:00,0.1524163568773234,1970-01-02 20:59:00
1970-01-02 21:00:00,0.14772727272727273,1970-01-02 21:00:00
1970-01-02 21:01:00,0.15579710144927536,1970-01-02 21:01:00
1970-01-02 21:02:00,0.1392857142857143,1970-01-02 21:02:00
1970-01-02 21:03:00,0.13432835820895522,1970-01-02 21:03:00
1970-01-02 21:04:00,0.17689530685920576,1970-01-02 21:04:00
1970-01-02 21:05:00,0.15636363636363637,1970-01-02 21:05:00
1970-01-02 21:06:00,0.1048951048951049,1970-01-02 21:06:00
1970-01-02 21:07:00,0.16279069767441862,1970-01-02 21:07:00
1970-01-02 21:08:00,0.16319444444444445,1970-01-02 21:08:00
1970-01-02 21:09:00,0.16236162361623616,1970-01-02 21:09:00
1970-01-02 21:10:00,0.13095238095238096,1970-01-02 21:10:00
1970-01-02 21:11:00,0.17813765182186234,1970-01-02 21:11:00
1970-01-02 21:12:00,0.18490566037735848,1970-01-02 21:12:00
1970-01-02 21:13:00,0.16101694915254236,1970-01-02 21:13:00
1970-01-02 21:14:00,0.14869888475836432,1970-01-02 21:14:00
1970-01-02 21:15:00,0.1634980988593156,1970-01-02 21:15:00
1970-01-02 21:16:00,0.15602836879432624,1970-01-02 21:16:00
1970-01-02 21:17:00,0.1285140562248996,1970-01-02 21:17:00
1970-01-02 21:18:00,0.11235955056179775,1970-01-02 21:18:00
1970-01-02 21:19:00,0.17938931297709923,1970-01-02 21:19:00
1970-01-02 21:20:00,0.20306513409961685,1970-01-02 21:20:00
1970-01-02 21:21:00,0.15510204081632653,1970-01-02 21:21:00
1970-01-02 21:22:00,0.1320754716981132,1970-01-02 21:22:00
1970-01-02 21:23:00,0.12956810631229235,1970-01-02 21:23:00
1970-01-02 21:24:00,0.13333333333333333,1970-01-02 21:24:00
1970-01-02 21:25:00,0.1456953642384106,1970-01-02 21:25:00
1970-01-02 21:26:00,0.17479674796747968,1970-01-02 21:26:00
1970-01-02 21:27:00,0.16216216216216217,1970-01-02 21:27:00
1970-01-02 21:28:00,0.1814814814814815,1970-01-02 21:28:00
1970-01-02 21:29:00,0.13703703703703704,1970-01-02 21:29:00
1970-01-02 21:30:00,0.16845878136200718,1970-01-02 21:30:00
1970-01-02 21:31:00,0.1357142857142857,1970-01-02 21:31:00
1970-01-02 21:32:00,0.15355805243445692,1970-01-02 21:32:00
1970-01-02 21:33:00,0.1348314606741573,1970-01-02 21:33:00
1970-01-02 21:34:00,0.17054263565891473,1970-01-02 21:34:00
1970-01-02 21:35:00,0.11619718309859155,1970-01-02 21:35:00
1970-01-02 21:36:00,0.1471698113207547,1970-01-02 21:36:00
1970-01-02 21:37:00,0.2047244094488189,1970-01-02 21:37:00
1970-01-02 21:38:00,0.16974169741697417,1970-01-02 21:38:00
1970-01-02 21:39:00,0.13780918727915195,1970-01-02 21:39:00
1970-01-02 21:40:00,0.1975806451612903,1970-01-02 21:40:00
1970-01-02 21:41:00,0.15163934426229508,1970-01-02 21:41:00
1970-01-02 21:42:00,0.15985130111524162,1970-01-02 21:42:00
1970-01-02 21:43:00,0.14335664335664336,1970-01-02 21:43:00
1970-01-02 21:44:00,0.13357400722021662,1970-01-02 21:44:00
1970-01-02 21:45:00,0.18,1970-01-02 21:45:00
1970-01-02 21:46:00,0.18181818181818182,1970-01-02 21:46:00
1970-01-02 21:47:00,0.1566265060240964,1970-01-02 21:47:00
1970-01-02 21:48:00,0.18118466898954705,1970-01-02 21:48:00
1970-01-02 21:49:00,0.13414634146341464,1970-01-02 21:49:00
1970-01-02 21:50:00,0.11808118081180811,1970-01-02 21:50:00
1970-01-02 21:51:00,0.1220472440944882,1970-01-02 21:51:00
1970-01-02 21:52:00,0.14393939393939395,1970-01-02 21:52:00
1970-01-02 21:53:00,0.19029850746268656,1970-01-02 21:53:00
1970-01-02 21:54:00,0.1574468085106383,1970-01-02 21:54:00
1970-01-02 21:55:00,0.16153846153846155,1970-01-02 21:55:00
1970-01-02 21:56:00,0.12585034013605442,1970-01-02 21:56:00
1970-01-02 21:57:00,0.1794871794871795,1970-01-02 21:57:00
1970-01-02 21:58:00,0.11538461538461539,1970-01-02 21:58:00
1970-01-02 21:59:00,0.1510791366906475,1970-01-02 21:59:00
1970-01-02 22:00:00,0.14285714285714285,1970-01-02 22:00:00
1970-01-02 22:01:00,0.1423076923076923,1970-01-02 22:01:00
1970-01-02 22:02:00,0.12363636363636364,1970-01-02 22:02:00
1970-01-02 22:03:00,0.144,1970-01-02 22:03:00
1970-01-02 22:04:00,0.16182572614107885,1970-01-02 22:04:00
1970-01-02 22:05:00,0.2222222222222222,1970-01-02 22:05:00
1970-01-02 22:06:00,0.12546125461254612,1970-01-02 22:06:00
1970-01-02 22:07:00,0.17665615141955837,1970-01-02 22:07:00
1970-01-02 22:08:00,0.17307692307692307,1970-01-02 22:08:00
1970-01-02 22:09:00,0.1482758620689655,1970-01-02 22:09:00
1970-01-02 22:10:00,0.1721311475409836,1970-01-02 22:10:00
1970-01-02 22:11:00,0.15730337078651685,1970-01-02 22:11:00
1970-01-02 22:12:00,0.13636363636363635,1970-01-02 22:12:00
1970-01-02 22:13:00,0.1776061776061776,1970-01-02 22:13:00
1970-01-02 22:14:00,0.15693430656934307,1970-01-02 22:14:00
1970-01-02 22:15:00,0.14022140221402213,1970-01-02 22:15:00
1970-01-02 22:16:00,0.1583011583011583,1970-01-02 22:16:00
1970-01-02 22:17:00,0.17343173431734318,1970-01-02 22:17:00
1970-01-02 22:18:00,0.15328467153284672,1970-01-02 22:18:00
1970-01-02 22:19:00,0.15384615384615385,1970-01-02 22:19:00
1970-01-02 22:20:00,0.13545816733067728,1970-01-02 22:20:00
1970-01-02 22:21:00,0.11070110701107011,1970-01-02 22:21:00
1970-01-02 22:22:00,0.18146718146718147,1970-01-02 22:22:00
1970-01-02 22:23:00,0.15699658703071673,1970-01-02 22:23:00
1970-01-02 22:24:00,0.11494252873563218,1970-01-02 22:24:00
1970-01-02 22:25:00,0.12692307692307692,1970-01-02 22:25:00
1970-01-02 22:26:00,0.12286689419795221,1970-01-02 22:26:00
1970-01-02 22:27:00,0.1347517730496454,1970-01-02 22:27:00
1970-01-02 22:28:00,0.20930232558139536,1970-01-02 22:28:00
1970-01-02 22:29:00,0.18076923076923077,1970-01-02 22:29:00
1970-01-02 22:30:00,0.1625441696113074,1970-01-02 22:30:00
1970-01-02 22:31:00,0.13074204946996468,1970-01-02 22:31:00
1970-01-02 22:32:00,0.16535433070866143,1970-01-02 22:32:00
1970-01-02 22:33:00,0.1618705035971223,1970-01-02 22:33:00
1970-01-02 22:34:00,0.18725099601593626,1970-01-02 22:34:00
1970-01-02 22:35:00,0.16532258064516128,1970-01-02 22:35:00
1970-01-02 22:36:00,0.20905923344947736,1970-01-02 22:36:00
1970-01-02 22:37:00,0.15693430656934307,1970-01-02 22:37:00
1970-01-02 22:38:00,0.15789473684210525,1970-01-02 22:38:00
1970-01-02 22:39:00,0.13937282229965156,1970-01-02 22:39:00
1970-01-02 22:40:00,0.10223642172523961,1970-01-02 22:40:00
1970-01-02 22:41:00,0.11923076923076924,1970-01-02 22:41:00
1970-01-02 22:42:00,0.14522821576763487,1970-01-02 22:42:00
1970-01-02 22:43:00,0.12371134020618557,1970-01-02 22:43:00
1970-01-02 22:44:00,0.13793103448275862,1970-01-02 22:44:00
1970-01-02 22:45:00,0.13186813186813187,1970-01-02 22:45:00
1970-01-02 22:46:00,0.14015151515151514,1970-01-02 22:46:00
1970-01-02 22:47:00,0.15714285714285714,1970-01-02 22:47:00
1970-01-02 22:48:00,0.10384615384615385,1970-01-02 22:48:00
1970-01-02 22:49:00,0.1297709923664122,1970-01-02 22:49:00
1970-01-02 22:50:00,0.11372549019607843,1970-01-02 22:50:00
1970-01-02 22:51:00,0.14166666666666666,1970-01-02 22:51:00
1970-01-02 22:52:00,0.09771986970684039,1970-01-02 22:52:00
1970-01-02 22:53:00,0.15827338129496402,1970-01-02 22:53:00
1970-01-02 22:54:00,0.2084942084942085,1970-01-02 22:54:00
1970-01-02 22:55:00,0.15358361774744028,1970-01-02 22:55:00
1970-01-02 22:56:00,0.19172932330827067,1970-01-02 22:56:00
1970-01-02 22:57:00,0.08053691275167785,1970-01-02 22:57:00
1970-01-02 22:58:00,0.1449814126394052,1970-01-02 22:58:00
1970-01-02 22:59:00,0.18181818181818182,1970-01-02 22:59:00
1970-01-02 23:00:00,0.16475095785440613,1970-01-02 23:00:00
1970-01-02 23:01:00,0.13333333333333333,1970-01-02 23:01:00
1970-01-02 23:02:00,0.20816326530612245,1970-01-02 23:02:00
1970-01-02 23:03:00,0.11313868613138686,1970-01-02 23:03:00
1970-01-02 23:04:00,0.1729957805907173,1970-01-02 23:04:00
1970-01-02 23:05:00,0.13013698630136986,1970-01-02 23:05:00
1970-01-02 23:06:00,0.13240418118466898,1970-01-02 23:06:00
1970-01-02 23:07:00,0.1511627906976744,1970-01-02 23:07:00
1970-01-02 23:08:00,0.14345991561181434,1970-01-02 23:08:00
1970-01-02 23:09:00,0.19776119402985073,1970-01-02 23:09:00
1970-01-02 23:10:00,0.12110726643598616,1970-01-02 23:10:00
1970-01-02 23:11:00,0.1511627906976744,1970-01-02 23:11:00
1970-01-02 23:12:00,0.15129151291512916,1970-01-02 23:12:00
1970-01-02 23:13:00,0.11578947368421053,1970-01-02 23:13:00
1970-01-02 23:14:00,0.208955223880597,1970-01-02 23:14:00
1970-01-02 23:15:00,0.12547528517110265,1970-01-02 23:15:00
1970-01-02 23:16:00,0.19834710743801653,1970-01-02 23:16:00
1970-01-02 23:17:00,0.1384083044982699,1970-01-02 23:17:00
1970-01-02 23:18:00,0.10424710424710425,1970-01-02 23:18:00
1970-01-02 23:19:00,0.1387900355871886,1970-01-02 23:19:00
1970-01-02 23:20:00,0.1469387755102041,1970-01-02 23:20:00
1970-01-02 23:21:00,0.14909090909090908,1970-01-02 23:21:00
1970-01-02 23:22:00,0.16796875,1970-01-02 23:22:00
1970-01-02 23:23:00,0.11864406779661017,1970-01-02 23:23:00
1970-01-02 23:24:00,0.16546762589928057,1970-01-02 23:24:00
1970-01-02 23:25:00,0.18081180811808117,1970-01-02 23:25:00
1970-01-02 23:26:00,0.1254355400696864,1970-01-02 23:26:00
1970-01-02 23:27:00,0.1254355400696864,1970-01-02 23:27:00
1970-01-02 23:28:00,0.20384615384615384,1970-01-02 23:28:00
1970-01-02 23:29:00,0.1532567049808429,1970-01-02 23:29:00
1970-01-02 23:30:00,0.10227272727272728,1970-01-02 23:30:00
1970-01-02 23:31:00,0.14189189189189189,1970-01-02 23:31:00
1970-01-02 23:32:00,0.21666666666666667,1970-01-02 23:32:00
1970-01-02 23:33:00,0.0989010989010989,1970-01-02 23:33:00
1970-01-02 23:34:00,0.14,1970-01-02 23:34:00
1970-01-02 23:35:00,0.1447811447811448,1970-01-02 23:35:00
1970-01-02 23:36:00,0.14760147601476015,1970-01-02 23:36:00
1970-01-02 23:37:00,0.13309352517985612,1970-01-02 23:37:00
1970-01-02 23:38:00,0.15384615384615385,1970-01-02 23:38:00
1970-01-02 23:39:00,0.17254901960784313,1970-01-02 23:39:00
1970-01-02 23:40:00,0.1484375,1970-01-02 23:40:00
1970-01-02 23:41:00,0.13523131672597866,1970-01-02 23:41:00
1970-01-02 23:42:00,0.1601423487544484,1970-01-02 23:42:00
1970-01-02 23:43:00,0.13688212927756654,1970-01-02 23:43:00
1970-01-02 23:44:00,0.1423076923076923,1970-01-02 23:44:00
1970-01-02 23:45:00,0.17407407407407408,1970-01-02 23:45:00
1970-01-02 23:46:00,0.1320754716981132,1970-01-02 23:46:00
1970-01-02 23:47:00,0.16296296296296298,1970-01-02 23:47:00
1970-01-02 23:48:00,0.15611814345991562,1970-01-02 23:48:00
1970-01-02 23:49:00,0.19591836734693877,1970-01-02 23:49:00
1970-01-02 23:50:00,0.1517509727626459,1970-01-02 23:50:00
1970-01-02 23:51:00,0.16260162601626016,1970-01-02 23:51:00
1970-01-02 23:52:00,0.21033210332103322,1970-01-02 23:52:00
1970-01-02 23:53:00,0.16597510373443983,1970-01-02 23:53:00
1970-01-02 23:54:00,0.11494252873563218,1970-01-02 23:54:00
1970-01-02 23:55:00,0.15808823529411764,1970-01-02 23:55:00
1970-01-02 23:56:00,0.15748031496062992,1970-01-02 23:56:00
1970-01-02 23:57:00,0.1606425702811245,1970-01-02 23:57:00
1970-01-02 23:58:00,0.17509727626459143,1970-01-02 23:58:00
1970-01-02 23:59:00,0.14772727272727273,1970-01-02 23:59:00
