cvr,agg5,agg10,agg20,diff1,diff2,diff3,diff4
0.16129,0.12455,0.12356,0.12871,0,0,0,0
0.098182,0.12455,0.12356,0.12871,-0.063109,0,0,0
0.10662,0.12455,0.12356,0.12871,0.0084358,0.071544,0,0
0.12639,0.12455,0.12356,0.12871,0.019776,0.011341,-0.060204,0
0.13027,0.12455,0.12356,0.12871,0.0038741,-0.015902,-0.027243,0.032961
0.11722,0.12257,0.12356,0.12871,-0.013052,-0.016926,-0.001024,0.026219
0.125,0.12257,0.12356,0.12871,0.0077839,0.020836,0.037762,0.038786
0.11111,0.12257,0.12356,0.12871,-0.013889,-0.021673,-0.042509,-0.080271
0.13406,0.12257,0.12356,0.12871,0.022947,0.036836,0.058509,0.10102
0.12545,0.12257,0.12356,0.12871,-0.0086099,-0.031557,-0.068393,-0.1269
0.14938,0.14175,0.13386,0.12871,0.02393,0.03254,0.064096,0.13249
0.12143,0.14175,0.13386,0.12871,-0.027949,-0.051879,-0.084418,-0.14851
0.12545,0.14175,0.13386,0.12871,0.0040195,0.031968,0.083847,0.16827
0.18113,0.14175,0.13386,0.12871,0.055684,0.051665,0.019696,-0.064151
0.13139,0.14175,0.13386,0.12871,-0.049745,-0.10543,-0.15709,-0.17679
0.11972,0.12596,0.13386,0.12871,-0.011669,0.038077,0.14351,0.3006
0.12821,0.12596,0.13386,0.12871,0.0084868,0.020155,-0.017921,-0.16143
0.15209,0.12596,0.13386,0.12871,0.023886,0.015399,-0.0047561,0.013165
0.13103,0.12596,0.13386,0.12871,-0.021057,-0.044943,-0.060342,-0.055586
0.098765,0.12596,0.13386,0.12871,-0.032269,-0.011212,0.033731,0.094073
0.1284,0.12715,0.12008,0.12077,0.029639,0.061908,0.073121,0.03939
0.15726,0.12715,0.12008,0.12077,0.028853,-0.00078584,-0.062694,-0.13581
0.15414,0.12715,0.12008,0.12077,-0.0031227,-0.031976,-0.03119,0.031504
0.095941,0.12715,0.12008,0.12077,-0.058194,-0.055072,-0.023096,0.0080948
0.1,0.12715,0.12008,0.12077,0.004059,0.062253,0.11733,0.14042
0.091286,0.11301,0.12008,0.12077,-0.0087137,-0.012773,-0.075026,-0.19235
0.11494,0.11301,0.12008,0.12077,0.023656,0.03237,0.045143,0.12017
0.10561,0.11301,0.12008,0.12077,-0.009332,-0.032988,-0.065358,-0.1105
0.1058,0.11301,0.12008,0.12077,0.00019149,0.0095235,0.042512,0.10787
0.14741,0.11301,0.12008,0.12077,0.041608,0.041417,0.031893,-0.010618
0.15356,0.1233,0.12147,0.12077,0.0061477,-0.035461,-0.076877,-0.10877
0.092527,0.1233,0.12147,0.12077,-0.061031,-0.067179,-0.031718,0.045159
0.15385,0.1233,0.12147,0.12077,0.061319,0.12235,0.18953,0.22125
0.098901,0.1233,0.12147,0.12077,-0.054945,-0.11626,-0.23862,-0.42815
0.11765,0.1233,0.12147,0.12077,0.018746,0.073691,0.18996,0.42857
0.11852,0.11964,0.12147,0.12077,0.00087146,-0.017874,-0.091566,-0.28152
0.12,0.11964,0.12147,0.12077,0.0014815,0.00061002,0.018485,0.11005
0.13008,0.11964,0.12147,0.12077,0.010081,0.0085998,0.0079898,-0.010495
0.11847,0.11964,0.12147,0.12077,-0.011614,-0.021696,-0.030296,-0.038285
0.11111,0.11964,0.12147,0.12077,-0.0073558,0.0042586,0.025954,0.05625
0.15564,0.12705,0.12754,0.12403,0.044531,0.051887,0.047628,0.021674
0.12453,0.12705,0.12754,0.12403,-0.031114,-0.075645,-0.12753,-0.17516
0.094891,0.12705,0.12754,0.12403,-0.029638,0.0014759,0.077121,0.20465
0.11896,0.12705,0.12754,0.12403,0.024069,0.053706,0.05223,-0.02489
0.14122,0.12705,0.12754,0.12403,0.022262,-0.0018063,-0.055513,-0.10774
0.097959,0.12804,0.12754,0.12403,-0.043262,-0.065524,-0.063718,-0.0082054
0.16129,0.12804,0.12754,0.12403,0.063331,0.10659,0.17212,0.23584
0.13095,0.12804,0.12754,0.12403,-0.030338,-0.093669,-0.20026,-0.37238
0.12364,0.12804,0.12754,0.12403,-0.007316,0.023022,0.11669,0.31695
0.12635,0.12804,0.12754,0.12403,0.0027174,0.010033,-0.012988,-0.12968
0.12132,0.1167,0.12051,0.12403,-0.0050303,-0.0077477,-0.017781,-0.0047927
0.10561,0.1167,0.12051,0.12403,-0.015713,-0.010683,-0.002935,0.014846
0.13879,0.1167,0.12051,0.12403,0.033179,0.048892,0.059575,0.06251
0.11273,0.1167,0.12051,0.12403,-0.026063,-0.059242,-0.10813,-0.16771
0.10507,0.1167,0.12051,0.12403,-0.0076548,0.018408,0.07765,0.18578
0.11152,0.12432,0.12051,0.12403,0.0064517,0.014107,-0.0043014,-0.081952
0.090535,0.12432,0.12051,0.12403,-0.020989,-0.027441,-0.041547,-0.037246
0.16016,0.12432,0.12051,0.12403,0.069621,0.09061,0.11805,0.1596
0.12879,0.12432,0.12051,0.12403,-0.031368,-0.10099,-0.1916,-0.30965
0.1306,0.12432,0.12051,0.12403,0.0018091,0.033178,0.13417,0.32577
0.12261,0.15974,0.13842,0.14057,-0.0079917,-0.0098008,-0.042978,-0.17715
0.18533,0.15974,0.13842,0.14057,0.062723,0.070714,0.080515,0.12349
0.16183,0.15974,0.13842,0.14057,-0.023502,-0.086225,-0.15694,-0.23746
0.16794,0.15974,0.13842,0.14057,0.0061132,0.029616,0.11584,0.27278
0.16102,0.15974,0.13842,0.14057,-0.006922,-0.013035,-0.042651,-0.15849
0.14179,0.1171,0.13842,0.14057,-0.019226,-0.012304,0.00073127,0.043382
0.11885,0.1171,0.13842,0.14057,-0.022939,-0.0037127,0.0085912,0.00786
0.10965,0.1171,0.13842,0.14057,-0.0092033,0.013735,0.017448,0.0088567
0.10938,0.1171,0.13842,0.14057,-0.00027412,0.0089292,-0.004806,-0.022254
0.10584,0.1171,0.13842,0.14057,-0.0035356,-0.0032615,-0.012191,-0.0073846
0.17105,0.14138,0.14272,0.14057,0.065213,0.068749,0.07201,0.084201
0.13386,0.14138,0.14272,0.14057,-0.037194,-0.10241,-0.17116,-0.24317
0.094545,0.14138,0.14272,0.14057,-0.039313,-0.0021184,0.10029,0.27145
0.15504,0.14138,0.14272,0.14057,0.060493,0.099806,0.10192,0.0016354
0.15242,0.14138,0.14272,0.14057,-0.0026224,-0.063116,-0.16292,-0.26485
0.16387,0.14405,0.14272,0.14057,0.011449,0.014072,0.077187,0.24011
0.12851,0.14405,0.14272,0.14057,-0.035351,-0.046801,-0.060872,-0.13806
0.14346,0.14405,0.14272,0.14057,0.014946,0.050297,0.097098,0.15797
0.13253,0.14405,0.14272,0.14057,-0.01093,-0.025876,-0.076173,-0.17327
0.1519,0.14405,0.14272,0.14057,0.019369,0.030298,0.056174,0.13235
0.12598,0.12222,0.11701,0.12426,-0.025914,-0.045283,-0.075582,-0.13176
0.10305,0.12222,0.11701,0.12426,-0.022931,0.0029837,0.048267,0.12385
0.13534,0.12222,0.11701,0.12426,0.032285,0.055216,0.052232,0.0039653
0.12928,0.12222,0.11701,0.12426,-0.0060608,-0.038346,-0.093561,-0.14579
0.11742,0.12222,0.11701,0.12426,-0.011853,-0.0057925,0.032553,0.12611
0.12709,0.1118,0.11701,0.12426,0.0096661,0.021519,0.027312,-0.0052412
0.14876,0.1118,0.11701,0.12426,0.02167,0.012004,-0.0095154,-0.036827
0.084559,0.1118,0.11701,0.12426,-0.064202,-0.085872,-0.097876,-0.08836
0.10943,0.1118,0.11701,0.12426,0.024875,0.089077,0.17495,0.27282
0.089147,0.1118,0.11701,0.12426,-0.020287,-0.045162,-0.13424,-0.30919
0.13793,0.12925,0.13151,0.12426,0.048784,0.06907,0.11423,0.24847
0.11583,0.12925,0.13151,0.12426,-0.022101,-0.070885,-0.13996,-0.25419
0.094488,0.12925,0.13151,0.12426,-0.021342,0.00075899,0.071644,0.2116
0.15294,0.12925,0.13151,0.12426,0.058453,0.079795,0.079036,0.0073923
0.14504,0.12925,0.13151,0.12426,-0.007903,-0.066356,-0.14615,-0.22519
0.16216,0.13377,0.13151,0.12426,0.017124,0.025027,0.091383,0.23753
0.12692,0.13377,0.13151,0.12426,-0.035239,-0.052363,-0.07739,-0.16877
0.13725,0.13377,0.13151,0.12426,0.010332,0.045571,0.097934,0.17532
0.089606,0.13377,0.13151,0.12426,-0.047649,-0.057981,-0.10355,-0.20149
0.15289,0.13377,0.13151,0.12426,0.063287,0.11094,0.16892,0.27247
0.098214,0.13446,0.12559,0.12992,-0.054678,-0.11797,-0.2289,-0.39782
0.16071,0.13446,0.12559,0.12992,0.0625,0.11718,0.23514,0.46404
0.093496,0.13446,0.12559,0.12992,-0.067218,-0.12972,-0.2469,-0.48204
0.17442,0.13446,0.12559,0.12992,0.080923,0.14814,0.27786,0.52476
0.14545,0.13446,0.12559,0.12992,-0.028964,-0.10989,-0.25803,-0.53589
0.10526,0.11673,0.12559,0.12992,-0.040191,-0.011227,0.098659,0.35669
0.10042,0.11673,0.12559,0.12992,-0.0048447,0.035347,0.046574,-0.052085
0.11814,0.11673,0.12559,0.12992,0.017725,0.02257,-0.012777,-0.059351
0.13636,0.11673,0.12559,0.12992,0.01822,0.00049513,-0.022075,-0.0092978
0.12346,0.11673,0.12559,0.12992,-0.012907,-0.031127,-0.031622,-0.0095475
0.18056,0.13797,0.13424,0.12992,0.057099,0.070006,0.10113,0.13275
0.12016,0.13797,0.13424,0.12992,-0.060401,-0.1175,-0.1875,-0.28864
0.10833,0.13797,0.13424,0.12992,-0.011822,0.048579,0.16608,0.35358
0.1681,0.13797,0.13424,0.12992,0.05977,0.071592,0.023013,-0.14307
0.11273,0.13797,0.13424,0.12992,-0.055376,-0.11515,-0.18674,-0.20975
0.11407,0.13051,0.13424,0.12992,0.0013412,0.056717,0.17186,0.3586
0.13109,0.13051,0.13424,0.12992,0.017018,0.015677,-0.041041,-0.2129
0.12749,0.13051,0.13424,0.12992,-0.0035961,-0.020614,-0.03629,0.0047505
0.1281,0.13051,0.13424,0.12992,0.00060913,0.0042052,0.024819,0.061109
0.15179,0.13051,0.13424,0.12992,0.023687,0.023077,0.018872,-0.0059469
0.11583,0.13355,0.1281,0.1347,-0.035956,-0.059642,-0.08272,-0.10159
0.13806,0.13355,0.1281,0.1347,0.02223,0.058185,0.11783,0.20055
0.13223,0.13355,0.1281,0.1347,-0.0058283,-0.028058,-0.086243,-0.20407
0.12017,0.13355,0.1281,0.1347,-0.01206,-0.0062314,0.021826,0.10807
0.16143,0.13355,0.1281,0.1347,0.041263,0.053323,0.059554,0.037728
0.11152,0.12265,0.1281,0.1347,-0.049911,-0.091174,-0.1445,-0.20405
0.13305,0.12265,0.1281,0.1347,0.021523,0.071434,0.16261,0.30711
0.12548,0.12265,0.1281,0.1347,-0.0075719,-0.029095,-0.10053,-0.26314
0.14957,0.12265,0.1281,0.1347,0.024097,0.031669,0.060764,0.16129
0.093617,0.12265,0.1281,0.1347,-0.055956,-0.080053,-0.11172,-0.17249
0.19658,0.13333,0.1413,0.1347,0.10296,0.15892,0.23897,0.3507
0.11203,0.13333,0.1413,0.1347,-0.084548,-0.18751,-0.34643,-0.5854
0.13061,0.13333,0.1413,0.1347,0.018579,0.10313,0.29064,0.63707
0.12782,0.13333,0.1413,0.1347,-0.0027927,-0.021372,-0.1245,-0.41514
0.099617,0.13333,0.1413,0.1347,-0.028203,-0.02541,-0.0040382,0.12046
0.15326,0.14926,0.1413,0.1347,0.05364,0.081843,0.10725,0.11129
0.14909,0.14926,0.1413,0.1347,-0.0041658,-0.057806,-0.13965,-0.2469
0.1553,0.14926,0.1413,0.1347,0.0062121,0.010378,0.068184,0.20783
0.13924,0.14926,0.1413,0.1347,-0.016063,-0.022275,-0.032653,-0.10084
0.14943,0.14926,0.1413,0.1347,0.010185,0.026247,0.048522,0.081175
0.13934,0.1434,0.13458,0.13201,-0.010081,-0.020266,-0.046513,-0.095035
0.15415,0.1434,0.13458,0.13201,0.014806,0.024887,0.045153,0.091666
0.159,0.1434,0.13458,0.13201,0.0048456,-0.0099603,-0.034847,-0.08
0.11066,0.1434,0.13458,0.13201,-0.04834,-0.053186,-0.043225,-0.0083781
0.15385,0.1434,0.13458,0.13201,0.04319,0.09153,0.14472,0.18794
0.13439,0.12576,0.13458,0.13201,-0.019459,-0.062649,-0.15418,-0.2989
0.13253,0.12576,0.13458,0.13201,-0.0018572,0.017602,0.080251,0.23443
0.10843,0.12576,0.13458,0.13201,-0.024096,-0.022239,-0.039841,-0.12009
0.13028,0.12576,0.13458,0.13201,0.021848,0.045944,0.068183,0.10802
0.12319,0.12576,0.13458,0.13201,-0.0070933,-0.028941,-0.074886,-0.14307
0.13158,0.13815,0.12944,0.13201,0.0083905,0.015484,0.044425,0.11931
0.17269,0.13815,0.12944,0.13201,0.041112,0.032721,0.017237,-0.027188
0.13169,0.13815,0.12944,0.13201,-0.041004,-0.082115,-0.11484,-0.13207
0.14583,0.13815,0.12944,0.13201,0.014146,0.05515,0.13726,0.2521
0.10895,0.13815,0.12944,0.13201,-0.036884,-0.05103,-0.10618,-0.24344
0.12069,0.12073,0.12944,0.13201,0.01174,0.048624,0.099654,0.20583
0.096429,0.12073,0.12944,0.13201,-0.024261,-0.036001,-0.084625,-0.18428
0.13281,0.12073,0.12944,0.13201,0.036384,0.060645,0.096646,0.18127
0.14056,0.12073,0.12944,0.13201,0.0077497,-0.028634,-0.089279,-0.18593
0.11314,0.12073,0.12944,0.13201,-0.027424,-0.035173,-0.0065391,0.08274
0.10526,0.12351,0.12914,0.13223,-0.0078755,0.019548,0.054721,0.06126
0.1145,0.12351,0.12914,0.13223,0.0092407,0.017116,-0.0024318,-0.057153
0.12639,0.12351,0.12914,0.13223,0.01189,0.0026496,-0.014467,-0.012035
0.15419,0.12351,0.12914,0.13223,0.027791,0.015901,0.013251,0.027718
0.11722,0.12351,0.12914,0.13223,-0.036969,-0.06476,-0.080661,-0.093912
0.15356,0.13478,0.12914,0.13223,0.036342,0.073311,0.13807,0.21873
0.12749,0.13478,0.12914,0.13223,-0.026068,-0.06241,-0.13572,-0.27379
0.10741,0.13478,0.12914,0.13223,-0.020083,0.0059854,0.068395,0.20412
0.12389,0.13478,0.12914,0.13223,0.016486,0.036569,0.030584,-0.037812
0.16154,0.13478,0.12914,0.13223,0.037645,0.021158,-0.015411,-0.045994
0.15234,0.13876,0.13532,0.13223,-0.0091947,-0.046839,-0.067998,-0.052587
0.091837,0.13876,0.13532,0.13223,-0.060507,-0.051312,-0.0044729,0.063525
0.16064,0.13876,0.13532,0.13223,0.068806,0.12931,0.18063,0.1851
0.15638,0.13876,0.13532,0.13223,-0.004264,-0.07307,-0.20238,-0.38301
0.13258,0.13876,0.13532,0.13223,-0.023803,-0.019539,0.053531,0.25591
0.13333,0.13189,0.13532,0.13223,0.00075758,0.02456,0.044099,-0.0094316
0.15126,0.13189,0.13532,0.13223,0.017927,0.01717,-0.0073908,-0.05149
0.10839,0.13189,0.13532,0.13223,-0.042869,-0.060796,-0.077966,-0.070575
0.11744,0.13189,0.13532,0.13223,0.0090461,0.051915,0.11271,0.19068
0.14902,0.13189,0.13532,0.13223,0.031582,0.022536,-0.029379,-0.14209
0.091912,0.12988,0.13121,0.13463,-0.057108,-0.08869,-0.11123,-0.081846
0.16803,0.12988,0.13121,0.13463,0.076121,0.13323,0.22192,0.33314
0.11111,0.12988,0.13121,0.13463,-0.056922,-0.13304,-0.26627,-0.48819
0.11837,0.12988,0.13121,0.13463,0.0072562,0.064178,0.19722,0.46349
0.16,0.12988,0.13121,0.13463,0.041633,0.034376,-0.029801,-0.22702
0.12424,0.13255,0.13121,0.13463,-0.035758,-0.07739,-0.11177,-0.081965
0.17045,0.13255,0.13121,0.13463,0.046212,0.08197,0.15936,0.27113
0.11348,0.13255,0.13121,0.13463,-0.056979,-0.10319,-0.18516,-0.34452
0.125,0.13255,0.13121,0.13463,0.011525,0.068504,0.1717,0.35686
0.12955,0.13255,0.13121,0.13463,0.0045547,-0.0069702,-0.075474,-0.24717
0.13074,0.14172,0.13804,0.13463,0.0011874,-0.0033673,0.0036029,0.079077
0.12715,0.14172,0.13804,0.13463,-0.0035943,-0.0047817,-0.0014144,-0.0050173
0.17241,0.14172,0.13804,0.13463,0.045266,0.04886,0.053642,0.055056
0.14615,0.14172,0.13804,0.13463,-0.02626,-0.071526,-0.12039,-0.17403
0.13214,0.14172,0.13804,0.13463,-0.014011,0.012249,0.083775,0.20416
0.16912,0.13435,0.13804,0.13463,0.036975,0.050986,0.038737,-0.045038
0.12644,0.13435,0.13804,0.13463,-0.042681,-0.079656,-0.13064,-0.16938
0.11715,0.13435,0.13804,0.13463,-0.009282,0.033399,0.11305,0.2437
0.10788,0.13435,0.13804,0.13463,-0.009271,1.10E-05,-0.033388,-0.14644
0.15116,0.13435,0.13804,0.13463,0.043279,0.05255,0.052539,0.085927
0.13305,0.14174,0.13434,0.1332,-0.018116,-0.061395,-0.11394,-0.16648
0.1245,0.14174,0.13434,0.1332,-0.0085492,0.0095664,0.070961,0.18491
0.12868,0.14174,0.13434,0.1332,0.0041785,0.012728,0.0031613,-0.0678
0.13571,0.14174,0.13434,0.1332,0.0070378,0.0028593,-0.0098684,-0.01303
0.18677,0.14174,0.13434,0.1332,0.051056,0.044018,0.041159,0.051027
0.11744,0.12695,0.13434,0.1332,-0.069333,-0.12039,-0.16441,-0.20557
0.13127,0.12695,0.13434,0.1332,0.013836,0.083169,0.20356,0.36797
0.10909,0.12695,0.13434,0.1332,-0.022183,-0.03602,-0.11919,-0.32275
0.12644,0.12695,0.13434,0.1332,0.017346,0.039529,0.075549,0.19474
0.1505,0.12695,0.13434,0.1332,0.024065,0.006719,-0.03281,-0.10836
0.12287,0.13616,0.13206,0.1332,-0.027635,-0.0517,-0.058419,-0.025609
0.12457,0.13616,0.13206,0.1332,0.0017006,0.029335,0.081035,0.13945
0.1391,0.13616,0.13206,0.1332,0.01453,0.01283,-0.016506,-0.097541
0.12635,0.13616,0.13206,0.1332,-0.012744,-0.027274,-0.040104,-0.023598
0.16791,0.13616,0.13206,0.1332,0.041557,0.054301,0.081575,0.12168
0.18213,0.12796,0.13206,0.1332,0.01422,-0.027337,-0.081637,-0.16321
0.10927,0.12796,0.13206,0.1332,-0.072859,-0.087079,-0.059743,0.021894
0.11409,0.12796,0.13206,0.1332,0.0048224,0.077681,0.16476,0.2245
0.13806,0.12796,0.13206,0.1332,0.023966,0.019143,-0.058538,-0.2233
0.09622,0.12796,0.13206,0.1332,-0.04184,-0.065806,-0.084949,-0.026411
0.19685,0.13772,0.13938,0.13499,0.10063,0.14247,0.20828,0.29322
0.13131,0.13772,0.13938,0.13499,-0.065537,-0.16617,-0.30864,-0.51691
0.11438,0.13772,0.13938,0.13499,-0.016934,0.048603,0.21477,0.52341
0.10954,0.13772,0.13938,0.13499,-0.0048384,0.012096,-0.036508,-0.25128
0.13653,0.13772,0.13938,0.13499,0.026991,0.031829,0.019734,0.056241
0.13636,0.14104,0.13938,0.13499,-0.00016773,-0.027158,-0.058988,-0.078721
0.13869,0.14104,0.13938,0.13499,0.0023225,0.0024902,0.029649,0.088636
0.1338,0.14104,0.13938,0.13499,-0.0048833,-0.0072058,-0.009696,-0.039345
0.15038,0.14104,0.13938,0.13499,0.016573,0.021456,0.028662,0.038358
0.14599,0.14104,0.13938,0.13499,-0.0043905,-0.020964,-0.04242,-0.071082
0.13383,0.14268,0.13059,0.13499,-0.012156,-0.0077659,0.013198,0.055618
0.10811,0.14268,0.13059,0.13499,-0.025721,-0.013564,-0.0057986,-0.018996
0.16318,0.14268,0.13059,0.13499,0.055072,0.080793,0.094357,0.10016
0.16064,0.14268,0.13059,0.13499,-0.0025373,-0.057609,-0.1384,-0.23276
0.14765,0.14268,0.13059,0.13499,-0.012992,-0.010454,0.047155,0.18556
0.10373,0.1185,0.13059,0.13499,-0.043917,-0.030925,-0.020471,-0.067626
0.097378,0.1185,0.13059,0.13499,-0.0063562,0.03756,0.068485,0.088956
0.12821,0.1185,0.13059,0.13499,0.030827,0.037183,-0.00037739,-0.068863
0.15901,0.1185,0.13059,0.13499,0.030805,-2.14E-05,-0.037204,-0.036827
0.10417,0.1185,0.13059,0.13499,-0.054844,-0.085649,-0.085628,-0.048424
0.14232,0.11566,0.12237,0.13242,0.038155,0.092999,0.17865,0.26428
0.062937,0.11566,0.12237,0.13242,-0.079385,-0.11754,-0.21054,-0.38919
0.10714,0.11566,0.12237,0.13242,0.044206,0.12359,0.24113,0.45167
0.14504,0.11566,0.12237,0.13242,0.037895,-0.0063105,-0.1299,-0.37103
0.12088,0.11566,0.12237,0.13242,-0.024159,-0.062054,-0.055744,0.074157
0.11388,0.12909,0.12237,0.13242,-0.0070001,0.017159,0.079213,0.13496
0.12857,0.12909,0.12237,0.13242,0.014692,0.021693,0.0045336,-0.07468
0.14694,0.12909,0.12237,0.13242,0.018367,0.0036749,-0.018018,-0.022551
0.1283,0.12909,0.12237,0.13242,-0.018637,-0.037004,-0.040679,-0.022662
0.12774,0.12909,0.12237,0.13242,-0.00056466,0.018072,0.055076,0.095756
0.14453,0.1451,0.14246,0.13242,0.016794,0.017359,-0.00071354,-0.05579
0.14444,0.1451,0.14246,0.13242,-8.68E-05,-0.016881,-0.03424,-0.033526
0.14126,0.1451,0.14246,0.13242,-0.0031805,-0.0030937,0.013787,0.048027
0.14655,0.1451,0.14246,0.13242,0.0052878,0.0084683,0.011562,-0.0022251
0.1487,0.1451,0.14246,0.13242,0.0021472,-0.0031406,-0.011609,-0.023171
0.12451,0.13982,0.14246,0.13242,-0.024185,-0.026332,-0.023192,-0.011583
0.15414,0.13982,0.14246,0.13242,0.029622,0.053807,0.080139,0.10333
0.11296,0.13982,0.14246,0.13242,-0.041179,-0.0708,-0.12461,-0.20475
0.15789,0.13982,0.14246,0.13242,0.044938,0.086116,0.15692,0.28152
0.14961,0.13982,0.14246,0.13242,-0.0082884,-0.053226,-0.13934,-0.29626
0.10036,0.13274,0.14205,0.14096,-0.049248,-0.040959,0.012267,0.15161
0.12406,0.13274,0.14205,0.14096,0.023702,0.07295,0.11391,0.10164
0.14391,0.13274,0.14205,0.14096,0.019851,-0.0038504,-0.0768,-0.19071
0.15523,0.13274,0.14205,0.14096,0.011323,-0.0085281,-0.0046776,0.072122
0.14015,0.13274,0.14205,0.14096,-0.015083,-0.026406,-0.017878,-0.013201
0.14902,0.15135,0.14205,0.14096,0.0088681,0.023951,0.050358,0.068236
0.11667,0.15135,0.14205,0.14096,-0.032353,-0.041221,-0.065172,-0.11553
0.168,0.15135,0.14205,0.14096,0.051333,0.083686,0.12491,0.19008
0.14815,0.15135,0.14205,0.14096,-0.019852,-0.071185,-0.15487,-0.27978
0.1749,0.15135,0.14205,0.14096,0.026757,0.046609,0.11779,0.27267
0.12676,0.1454,0.13988,0.14096,-0.048144,-0.074901,-0.12151,-0.2393
0.156,0.1454,0.13988,0.14096,0.029239,0.077384,0.15228,0.27379
0.14841,0.1454,0.13988,0.14096,-0.0075901,-0.03683,-0.11421,-0.2665
0.12727,0.1454,0.13988,0.14096,-0.021137,-0.013547,0.023282,0.1375
0.16854,0.1454,0.13988,0.14096,0.041267,0.062404,0.075951,0.052668
0.13492,0.13437,0.13988,0.14096,-0.033619,-0.074885,-0.13729,-0.21324
0.13653,0.13437,0.13988,0.14096,0.0016107,0.035229,0.11011,0.2474
0.16438,0.13437,0.13988,0.14096,0.027852,0.026241,-0.008988,-0.1191
0.11148,0.13437,0.13988,0.14096,-0.052908,-0.08076,-0.107,-0.098014
0.12454,0.13437,0.13988,0.14096,0.013067,0.065975,0.14674,0.25374
0.13571,0.13424,0.13616,0.13688,0.011172,-0.0018946,-0.067869,-0.2146
0.13281,0.13424,0.13616,0.13688,-0.0029018,-0.014074,-0.012179,0.05569
0.13655,0.13424,0.13616,0.13688,0.0037337,0.0066355,0.020709,0.032889
0.10169,0.13424,0.13616,0.13688,-0.034851,-0.038585,-0.04522,-0.06593
0.16444,0.13424,0.13616,0.13688,0.06275,0.097601,0.13619,0.18141
0.10037,0.13808,0.13616,0.13688,-0.064073,-0.12682,-0.22442,-0.36061
0.1502,0.13808,0.13616,0.13688,0.049826,0.1139,0.24072,0.46514
0.1374,0.13808,0.13616,0.13688,-0.012793,-0.062619,-0.17652,-0.41724
0.17742,0.13808,0.13616,0.13688,0.040015,0.052808,0.11543,0.29194
0.125,0.13808,0.13616,0.13688,-0.052419,-0.092434,-0.14524,-0.26067
0.1358,0.13409,0.13761,0.13688,0.010802,0.063222,0.15566,0.3009
0.13566,0.13409,0.13761,0.13688,-0.00014355,-0.010946,-0.074168,-0.22982
0.16532,0.13409,0.13761,0.13688,0.029664,0.029807,0.040753,0.11492
0.099206,0.13409,0.13761,0.13688,-0.066116,-0.09578,-0.12559,-0.16634
0.13445,0.13409,0.13761,0.13688,0.035247,0.10136,0.19714,0.32273
0.16529,0.14113,0.13761,0.13688,0.030835,-0.004412,-0.10578,-0.30292
0.12987,0.14113,0.13761,0.13688,-0.035419,-0.066255,-0.061843,0.043933
0.16355,0.14113,0.13761,0.13688,0.033681,0.0691,0.13535,0.1972
0.099099,0.14113,0.13761,0.13688,-0.064452,-0.098134,-0.16723,-0.30259
0.14783,0.14113,0.13761,0.13688,0.048727,0.11318,0.21131,0.37855
0.15451,0.14307,0.14499,0.13847,0.0066804,-0.042047,-0.15523,-0.36654
0.1625,0.14307,0.14499,0.13847,0.0079936,0.0013132,0.04336,0.19859
0.12454,0.14307,0.14499,0.13847,-0.037958,-0.045951,-0.047265,-0.090624
0.14463,0.14307,0.14499,0.13847,0.020086,0.058044,0.104,0.15126
0.12917,0.14307,0.14499,0.13847,-0.015461,-0.035547,-0.093591,-0.19759
0.16949,0.14691,0.14499,0.13847,0.040325,0.055786,0.091334,0.18492
0.12048,0.14691,0.14499,0.13847,-0.04901,-0.089334,-0.14512,-0.23645
0.11475,0.14691,0.14499,0.13847,-0.0057278,0.043282,0.13262,0.27774
0.14,0.14691,0.14499,0.13847,0.025246,0.030974,-0.012308,-0.14492
0.18981,0.14691,0.14499,0.13847,0.049815,0.024569,-0.0064048,0.0059032
0.15837,0.12292,0.13195,0.13847,-0.031444,-0.081259,-0.10583,-0.099423
0.15,0.12292,0.13195,0.13847,-0.008371,0.023073,0.10433,0.21016
0.093333,0.12292,0.13195,0.13847,-0.056667,-0.048296,-0.071368,-0.1757
0.097166,0.12292,0.13195,0.13847,0.0038327,0.060499,0.10879,0.18016
0.11574,0.12292,0.13195,0.13847,0.018575,0.014742,-0.045757,-0.15455
0.16402,0.14097,0.13195,0.13847,0.04828,0.029706,0.014964,0.060721
0.13305,0.14097,0.13195,0.13847,-0.030974,-0.079254,-0.10896,-0.12392
0.1267,0.14097,0.13195,0.13847,-0.0063504,0.024624,0.10388,0.21284
0.1422,0.14097,0.13195,0.13847,0.015505,0.021855,-0.0027682,-0.10665
0.13889,0.14097,0.13195,0.13847,-0.0033129,-0.018818,-0.040673,-0.037905
0.16749,0.14798,0.13819,0.14264,0.028599,0.031912,0.05073,0.091403
0.13617,0.14798,0.13819,0.14264,-0.031317,-0.059916,-0.091828,-0.14256
0.17391,0.14798,0.13819,0.14264,0.037743,0.06906,0.12898,0.2208
0.11155,0.14798,0.13819,0.14264,-0.062359,-0.1001,-0.16916,-0.29814
0.15075,0.14798,0.13819,0.14264,0.0392,0.10156,0.20166,0.37082
0.1122,0.12841,0.13819,0.14264,-0.038559,-0.077759,-0.17932,-0.38098
0.14085,0.12841,0.13819,0.14264,0.02865,0.067209,0.14497,0.32429
0.19072,0.12841,0.13819,0.14264,0.049877,0.021227,-0.045982,-0.19095
0.097826,0.12841,0.13819,0.14264,-0.092896,-0.14277,-0.164,-0.11802
0.10046,0.12841,0.13819,0.14264,0.0026305,0.095526,0.2383,0.4023
0.13587,0.14021,0.1471,0.14264,0.035413,0.032782,-0.062744,-0.30104
0.18817,0.14021,0.1471,0.14264,0.052302,0.01689,-0.015893,0.046851
0.11111,0.14021,0.1471,0.14264,-0.077061,-0.12936,-0.14625,-0.13036
0.097674,0.14021,0.1471,0.14264,-0.013437,0.063624,0.19299,0.33924
0.16822,0.14021,0.1471,0.14264,0.07055,0.083987,0.020362,-0.17263
0.14932,0.15398,0.1471,0.14264,-0.018903,-0.089453,-0.17344,-0.1938
0.18421,0.15398,0.1471,0.14264,0.034889,0.053792,0.14325,0.31668
0.17935,0.15398,0.1471,0.14264,-0.0048627,-0.039752,-0.093544,-0.23679
0.13065,0.15398,0.1471,0.14264,-0.048695,-0.043832,-0.0040799,0.089464
0.12637,0.15398,0.1471,0.14264,-0.0042796,0.044415,0.088247,0.092327
0.11765,0.14627,0.14473,0.14282,-0.0087266,-0.0044469,-0.048862,-0.13711
0.1401,0.14627,0.14473,0.14282,0.02245,0.031176,0.035623,0.084485
0.19075,0.14627,0.14473,0.14282,0.050655,0.028205,-0.0029709,-0.038594
0.10429,0.14627,0.14473,0.14282,-0.086457,-0.13711,-0.16532,-0.16235
0.17857,0.14627,0.14473,0.14282,0.074277,0.16073,0.29785,0.46316
0.10929,0.14319,0.14473,0.14282,-0.069282,-0.14356,-0.30429,-0.60214
0.17033,0.14319,0.14473,0.14282,0.06104,0.13032,0.27388,0.57817
0.13372,0.14319,0.14473,0.14282,-0.036609,-0.097649,-0.22797,-0.50185
0.14925,0.14319,0.14473,0.14282,0.015533,0.052142,0.14979,0.37776
0.15337,0.14319,0.14473,0.14282,0.0041205,-0.011412,-0.063554,-0.21334
0.12805,0.14047,0.14091,0.14282,-0.025325,-0.029446,-0.018034,0.04552
0.14013,0.14047,0.14091,0.14282,0.012079,0.037404,0.06685,0.084884
0.10884,0.14047,0.14091,0.14282,-0.031284,-0.043362,-0.080767,-0.14762
0.15698,0.14047,0.14091,0.14282,0.048133,0.079417,0.12278,0.20355
0.16837,0.14047,0.14091,0.14282,0.011391,-0.036743,-0.11616,-0.23894
0.19512,0.14135,0.14091,0.14282,0.026755,0.015364,0.052107,0.16827
0.13208,0.14135,0.14091,0.14282,-0.063046,-0.089801,-0.10517,-0.15727
0.18182,0.14135,0.14091,0.14282,0.049743,0.11279,0.20259,0.30776
0.11728,0.14135,0.14091,0.14282,-0.064534,-0.11428,-0.22707,-0.42966
0.08046,0.14135,0.14091,0.14282,-0.036824,0.02771,0.14199,0.36905
0.14124,0.15253,0.15797,0.15758,0.060783,0.097607,0.069897,-0.07209
0.10976,0.15253,0.15797,0.15758,-0.031487,-0.09227,-0.18988,-0.25977
0.2087,0.15253,0.15797,0.15758,0.09894,0.13043,0.2227,0.41257
0.12414,0.15253,0.15797,0.15758,-0.084558,-0.1835,-0.31392,-0.53662
0.17881,0.15253,0.15797,0.15758,0.05467,0.13923,0.32273,0.63665
0.20161,0.16341,0.15797,0.15758,0.022805,-0.031865,-0.17109,-0.49382
0.13333,0.16341,0.15797,0.15758,-0.06828,-0.091085,-0.059219,0.11187
0.1875,0.16341,0.15797,0.15758,0.054167,0.12245,0.21353,0.27275
0.15789,0.16341,0.15797,0.15758,-0.029605,-0.083772,-0.20622,-0.41975
0.13669,0.16341,0.15797,0.15758,-0.021204,0.0084012,0.092173,0.29839
0.17949,0.1681,0.15719,0.15758,0.042797,0.064001,0.055599,-0.036574
0.15672,0.1681,0.15719,0.15758,-0.022771,-0.065567,-0.12957,-0.18517
0.14912,0.1681,0.15719,0.15758,-0.0075936,0.015177,0.080744,0.21031
0.15833,0.1681,0.15719,0.15758,0.0092105,0.016804,0.001627,-0.079117
0.19685,0.1681,0.15719,0.15758,0.038517,0.029307,0.012502,0.010875
0.17094,0.14628,0.15719,0.15758,-0.02591,-0.064427,-0.093734,-0.10624
0.15672,0.14628,0.15719,0.15758,-0.014224,0.011686,0.076114,0.16985
0.11207,0.14628,0.15719,0.15758,-0.044647,-0.030424,-0.04211,-0.11822
0.16667,0.14628,0.15719,0.15758,0.054598,0.099245,0.12967,0.17178
0.125,0.14628,0.15719,0.15758,-0.041667,-0.096264,-0.19551,-0.32518
0.11679,0.14068,0.15725,0.16823,-0.0082117,0.033455,0.12972,0.32523
0.13953,0.14068,0.15725,0.16823,0.022747,0.030958,-0.0024967,-0.13222
0.20175,0.14068,0.15725,0.16823,0.06222,0.039473,0.0085147,0.011011
0.084746,0.14068,0.15725,0.16823,-0.11701,-0.17923,-0.2187,-0.22722
0.16058,0.14068,0.15725,0.16823,0.075838,0.19285,0.37207,0.59078
0.12676,0.17382,0.15725,0.16823,-0.033823,-0.10966,-0.30251,-0.67458
0.16814,0.17382,0.15725,0.16823,0.041381,0.075204,0.18487,0.48737
0.21739,0.17382,0.15725,0.16823,0.04925,0.0078687,-0.067336,-0.2522
0.16038,0.17382,0.15725,0.16823,-0.057014,-0.10626,-0.11413,-0.046797
0.19643,0.17382,0.15725,0.16823,0.036051,0.093065,0.19933,0.31346
0.18644,0.18061,0.17922,0.16823,-0.0099879,-0.046039,-0.1391,-0.33843
0.14545,0.18061,0.17922,0.16823,-0.040986,-0.030998,0.015041,0.15415
0.15534,0.18061,0.17922,0.16823,0.0098853,0.050871,0.08187,0.066829
0.20225,0.18061,0.17922,0.16823,0.046907,0.037022,-0.013849,-0.095719
0.21359,0.18061,0.17922,0.16823,0.011345,-0.035562,-0.072584,-0.058735
0.20732,0.17782,0.17922,0.16823,-0.0062752,-0.01762,0.017942,0.090527
0.14583,0.17782,0.17922,0.16823,-0.061484,-0.055209,-0.037588,-0.055531
0.22989,0.17782,0.17922,0.16823,0.084052,0.14554,0.20074,0.23833
0.19149,0.17782,0.17922,0.16823,-0.038396,-0.12245,-0.26798,-0.46873
0.11458,0.17782,0.17922,0.16823,-0.076906,-0.03851,0.083937,0.35192
0.13158,0.15188,0.16174,0.16512,0.016996,0.093902,0.13241,0.048475
0.11702,0.15188,0.16174,0.16512,-0.014558,-0.031553,-0.12545,-0.25787
0.18085,0.15188,0.16174,0.16512,0.06383,0.078387,0.10994,0.2354
0.16327,0.15188,0.16174,0.16512,-0.017586,-0.081416,-0.1598,-0.26974
0.16667,0.15188,0.16174,0.16512,0.0034014,0.020987,0.1024,0.26221
0.15596,0.1716,0.16174,0.16512,-0.010703,-0.014105,-0.035092,-0.13749
0.12941,0.1716,0.16174,0.16512,-0.026552,-0.015848,-0.0017434,0.033348
0.24419,0.1716,0.16174,0.16512,0.11477,0.14133,0.15717,0.15892
0.20225,0.1716,0.16174,0.16512,-0.041939,-0.15671,-0.29804,-0.45521
0.12621,0.1716,0.16174,0.16512,-0.076034,-0.034095,0.12262,0.42066
0.20253,0.16068,0.16849,0.16512,0.076318,0.15235,0.18645,0.063828
0.16049,0.16068,0.16849,0.16512,-0.042038,-0.11836,-0.27071,-0.45715
0.092593,0.16068,0.16849,0.16512,-0.067901,-0.025863,0.092492,0.3632
0.17021,0.16068,0.16849,0.16512,0.07762,0.14552,0.17138,0.078892
0.17757,0.16068,0.16849,0.16512,0.0073573,-0.070263,-0.21578,-0.38717
0.10843,0.1763,0.16849,0.16512,-0.069136,-0.076494,-0.0062308,0.20955
0.25,0.1763,0.16849,0.16512,0.14157,0.2107,0.2872,0.29343
0.1134,0.1763,0.16849,0.16512,-0.1366,-0.27816,-0.48887,-0.77606
0.2,0.1763,0.16849,0.16512,0.086598,0.2232,0.50136,0.99023
0.20968,0.1763,0.16849,0.16512,0.0096774,-0.076921,-0.30012,-0.80148
0.072917,0.16454,0.14907,0.15489,-0.13676,-0.14644,-0.069518,0.2306
0.15,0.16454,0.14907,0.15489,0.077083,0.21384,0.36028,0.4298
0.20225,0.16454,0.14907,0.15489,0.052247,-0.024836,-0.23868,-0.59896
0.20833,0.16454,0.14907,0.15489,0.0060861,-0.046161,-0.021325,0.21736
0.18919,0.16454,0.14907,0.15489,-0.019144,-0.02523,0.020931,0.042256
0.12791,0.1336,0.14907,0.15489,-0.061282,-0.042138,-0.016908,-0.037839
0.18667,0.1336,0.14907,0.15489,0.05876,0.12004,0.16218,0.17909
0.10227,0.1336,0.14907,0.15489,-0.084394,-0.14315,-0.2632,-0.42538
0.1375,0.1336,0.14907,0.15489,0.035227,0.11962,0.26277,0.52597
0.11364,0.1336,0.14907,0.15489,-0.023864,-0.059091,-0.17871,-0.44149
0.17105,0.1792,0.16072,0.15489,0.057416,0.08128,0.14037,0.31908
0.20988,0.1792,0.16072,0.15489,0.038824,-0.018592,-0.099872,-0.24024
0.16129,0.1792,0.16072,0.15489,-0.048586,-0.08741,-0.068818,0.031054
0.082353,0.1792,0.16072,0.15489,-0.078937,-0.030351,0.057059,0.12588
0.27143,0.1792,0.16072,0.15489,0.18908,0.26801,0.29836,0.24131
0.12162,0.14224,0.16072,0.15489,-0.14981,-0.33888,-0.6069,-0.90526
0.18519,0.14224,0.16072,0.15489,0.063564,0.21337,0.55225,1.1591
0.081081,0.14224,0.16072,0.15489,-0.1041,-0.16767,-0.38104,-0.93329
0.12329,0.14224,0.16072,0.15489,0.042207,0.14631,0.31398,0.69502
0.2,0.14224,0.16072,0.15489,0.076712,0.034506,-0.1118,-0.42578
0.125,0.10926,0.13011,0.13467,-0.075,-0.15171,-0.18622,-0.074413
0.13043,0.10926,0.13011,0.13467,0.0054348,0.080435,0.23215,0.41837
0.2,0.10926,0.13011,0.13467,0.069565,0.06413,-0.016304,-0.24845
0.078947,0.10926,0.13011,0.13467,-0.12105,-0.19062,-0.25475,-0.23844
0.011905,0.10926,0.13011,0.13467,-0.067043,0.05401,0.24463,0.49938
0.14085,0.15095,0.13011,0.13467,0.12894,0.19598,0.14197,-0.10265
0.076923,0.15095,0.13011,0.13467,-0.063922,-0.19286,-0.38885,-0.53082
0.11392,0.15095,0.13011,0.13467,0.037001,0.10092,0.29379,0.68263
0.26923,0.15095,0.13011,0.13467,0.15531,0.11831,0.017383,-0.2764
0.15385,0.15095,0.13011,0.13467,-0.11538,-0.27069,-0.389,-0.40638
0.055556,0.1424,0.13923,0.13467,-0.098291,0.017094,0.28779,0.67678
0.18841,0.1424,0.13923,0.13467,0.13285,0.23114,0.21405,-0.073739
0.060606,0.1424,0.13923,0.13467,-0.1278,-0.26065,-0.49179,-0.70584
0.24615,0.1424,0.13923,0.13467,0.18555,0.31335,0.574,1.0658
0.16129,0.1424,0.13923,0.13467,-0.084864,-0.27041,-0.58376,-1.1578
0.12308,0.13606,0.13923,0.13467,-0.038213,0.04665,0.31706,0.90082
0.066667,0.13606,0.13923,0.13467,-0.05641,-0.018197,-0.064847,-0.38191
0.14,0.13606,0.13923,0.13467,0.073333,0.12974,0.14794,0.21279
0.1791,0.13606,0.13923,0.13467,0.039104,-0.034229,-0.16397,-0.31191
0.17143,0.13606,0.13923,0.13467,-0.0076759,-0.04678,-0.012552,0.15142
0.16949,0.15675,0.16924,0.14679,-0.001937,0.0057389,0.052519,0.065071
0.19231,0.15675,0.16924,0.14679,0.022816,0.024753,0.019014,-0.033505
0.16327,0.15675,0.16924,0.14679,-0.029042,-0.051859,-0.076612,-0.095626
0.17647,0.15675,0.16924,0.14679,0.013205,0.042248,0.094106,0.17072
0.082192,0.15675,0.16924,0.14679,-0.094279,-0.10748,-0.14973,-0.24384
0.3,0.18173,0.16924,0.14679,0.21781,0.31209,0.41957,0.5693
0.16364,0.18173,0.16924,0.14679,-0.13636,-0.35417,-0.66626,-1.0858
0.086207,0.18173,0.16924,0.14679,-0.077429,0.058934,0.41311,1.0794
0.12245,0.18173,0.16924,0.14679,0.036242,0.11367,0.054737,-0.35837
0.23636,0.18173,0.16924,0.14679,0.11391,0.077673,-0.035999,-0.090736
0.087719,0.11529,0.12435,0.14679,-0.14864,-0.26256,-0.34023,-0.30423
0.12727,0.11529,0.12435,0.14679,0.039553,0.1882,0.45076,0.79099
0.065574,0.11529,0.12435,0.14679,-0.061699,-0.10125,-0.28945,-0.74021
0.15556,0.11529,0.12435,0.14679,0.089982,0.15168,0.25293,0.54238
0.14035,0.11529,0.12435,0.14679,-0.015205,-0.10519,-0.25687,-0.5098
0.15625,0.1334,0.12435,0.14679,0.015899,0.031104,0.13629,0.39316
0.13333,0.1334,0.12435,0.14679,-0.022917,-0.038816,-0.06992,-0.20621
0.067797,0.1334,0.12435,0.14679,-0.065537,-0.04262,-0.0038043,0.066115
0.175,0.1334,0.12435,0.14679,0.1072,0.17274,0.21536,0.21916
0.13462,0.1334,0.12435,0.14679,-0.040385,-0.14759,-0.32033,-0.53569
0.23529,0.16083,0.16175,0.17529,0.10068,0.14106,0.28865,0.60898
0.096154,0.16083,0.16175,0.17529,-0.13914,-0.23982,-0.38088,-0.66953
0.12,0.16083,0.16175,0.17529,0.023846,0.16299,0.40281,0.78369
0.16667,0.16083,0.16175,0.17529,0.046667,0.022821,-0.14017,-0.54297
0.18605,0.16083,0.16175,0.17529,0.01938,-0.027287,-0.050107,0.090059
0.051724,0.16267,0.16175,0.17529,-0.13432,-0.1537,-0.12642,-0.076308
0.16667,0.16267,0.16175,0.17529,0.11494,0.24926,0.40297,0.52938
0.27273,0.16267,0.16175,0.17529,0.10606,-0.0088819,-0.25815,-0.66111
0.16667,0.16267,0.16175,0.17529,-0.10606,-0.21212,-0.20324,0.054908
0.15556,0.16267,0.16175,0.17529,-0.011111,0.094949,0.30707,0.51031
0.21429,0.1929,0.18884,0.17529,0.05873,0.069841,-0.025108,-0.33218
0.23077,0.1929,0.18884,0.17529,0.016484,-0.042247,-0.11209,-0.08698
0.22727,0.1929,0.18884,0.17529,-0.0034965,-0.01998,0.022267,0.13435
0.15217,0.1929,0.18884,0.17529,-0.075099,-0.071602,-0.051622,-0.073889
0.14,0.1929,0.18884,0.17529,-0.012174,0.062925,0.13453,0.18615
0.15,0.18478,0.18884,0.17529,0.01,0.022174,-0.040751,-0.17528
0.17778,0.18478,0.18884,0.17529,0.027778,0.017778,-0.0043961,0.036355
0.18182,0.18478,0.18884,0.17529,0.0040404,-0.023737,-0.041515,-0.037119
0.2,0.18478,0.18884,0.17529,0.018182,0.014141,0.037879,0.079394
0.21429,0.18478,0.18884,0.17529,0.014286,-0.0038961,-0.018038,-0.055916
0.14634,0.12716,0.14277,0.14072,-0.067944,-0.08223,-0.078334,-0.060296
0.040816,0.12716,0.14277,0.14072,-0.10553,-0.037581,0.044649,0.12298
0.19231,0.12716,0.14277,0.14072,0.15149,0.25702,0.2946,0.24995
0.12121,0.12716,0.14277,0.14072,-0.071096,-0.22259,-0.4796,-0.7742
0.13514,0.12716,0.14277,0.14072,0.013923,0.085019,0.30761,0.78721
0.25806,0.15837,0.14277,0.14072,0.12293,0.10901,0.023988,-0.28362
0.074074,0.15837,0.14277,0.14072,-0.18399,-0.30692,-0.41593,-0.43991
0.16279,0.15837,0.14277,0.14072,0.088717,0.27271,0.57963,0.99555
0.058824,0.15837,0.14277,0.14072,-0.10397,-0.19268,-0.46539,-1.045
0.2381,0.15837,0.14277,0.14072,0.17927,0.28324,0.47592,0.94131
0.17778,0.13411,0.13867,0.14072,-0.060317,-0.23959,-0.52283,-0.99875
0.093023,0.13411,0.13867,0.14072,-0.084755,-0.024437,0.21515,0.73798
0.11111,0.13411,0.13867,0.14072,0.018088,0.10284,0.12728,-0.087873
0.16667,0.13411,0.13867,0.14072,0.055556,0.037468,-0.065375,-0.19265
0.12195,0.13411,0.13867,0.14072,-0.044715,-0.10027,-0.13774,-0.072364
0.045455,0.14323,0.13867,0.14072,-0.076497,-0.031781,0.06849,0.20623
0.2069,0.14323,0.13867,0.14072,0.16144,0.23794,0.26972,0.20123
0.095238,0.14323,0.13867,0.14072,-0.11166,-0.2731,-0.51104,-0.78076
0.19355,0.14323,0.13867,0.14072,0.09831,0.20997,0.48307,0.99411
0.175,0.14323,0.13867,0.14072,-0.018548,-0.11686,-0.32683,-0.8099
0.14286,0.14511,0.13431,0.15295,-0.032143,-0.013594,0.10326,0.43009
0.11111,0.14511,0.13431,0.15295,-0.031746,0.00039683,0.013991,-0.089273
0.093023,0.14511,0.13431,0.15295,-0.018088,0.013658,0.013261,-0.00072994
0.2,0.14511,0.13431,0.15295,0.10698,0.12506,0.11141,0.098145
0.17857,0.14511,0.13431,0.15295,-0.021429,-0.12841,-0.25347,-0.36488
0.19231,0.1235,0.13431,0.15295,0.013736,0.035165,0.16357,0.41704
0.10256,0.1235,0.13431,0.15295,-0.089744,-0.10348,-0.13864,-0.30221
0.11111,0.1235,0.13431,0.15295,0.008547,0.098291,0.20177,0.34042
0.12821,0.1235,0.13431,0.15295,0.017094,0.008547,-0.089744,-0.29151
0.083333,0.1235,0.13431,0.15295,-0.044872,-0.061966,-0.070513,0.019231
0.18519,0.16605,0.17159,0.15295,0.10185,0.14672,0.20869,0.2792
0.15152,0.16605,0.17159,0.15295,-0.03367,-0.13552,-0.28225,-0.49093
0.14286,0.16605,0.17159,0.15295,-0.008658,0.025012,0.16053,0.44278
0.19444,0.16605,0.17159,0.15295,0.051587,0.060245,0.035233,-0.1253
0.15625,0.16605,0.17159,0.15295,-0.038194,-0.089782,-0.15003,-0.18526
0.097561,0.17713,0.17159,0.15295,-0.058689,-0.020495,0.069287,0.21931
0.13793,0.17713,0.17159,0.15295,0.04037,0.099059,0.11955,0.050266
0.27273,0.17713,0.17159,0.15295,0.1348,0.094426,-0.0046329,-0.12419
0.083333,0.17713,0.17159,0.15295,-0.18939,-0.32419,-0.41862,-0.41398
0.29412,0.17713,0.17159,0.15295,0.21078,0.40018,0.72437,1.143
0.17241,0.14939,0.15285,0.17592,-0.1217,-0.33249,-0.73267,-1.457
0.083333,0.14939,0.15285,0.17592,-0.08908,0.032623,0.36511,1.0978
0.17391,0.14939,0.15285,0.17592,0.09058,0.17966,0.14704,-0.21807
0.19231,0.14939,0.15285,0.17592,0.018395,-0.072185,-0.25185,-0.39888
0.125,0.14939,0.15285,0.17592,-0.067308,-0.085702,-0.013517,0.23833
0,0.1563,0.15285,0.17592,-0.125,-0.057692,0.02801,0.041527
0.18182,0.1563,0.15285,0.17592,0.18182,0.30682,0.36451,0.3365
0.26923,0.1563,0.15285,0.17592,0.087413,-0.094406,-0.40122,-0.76573
0.2,0.1563,0.15285,0.17592,-0.069231,-0.15664,-0.062238,0.33899
0.13043,0.1563,0.15285,0.17592,-0.069565,-0.00033445,0.15631,0.21855
0.3,0.19191,0.19899,0.17592,0.16957,0.23913,0.23946,0.083156
0.071429,0.19191,0.19899,0.17592,-0.22857,-0.39814,-0.63727,-0.87673
0.19048,0.19191,0.19899,0.17592,0.11905,0.34762,0.74576,1.383
0.28,0.19191,0.19899,0.17592,0.089524,-0.029524,-0.37714,-1.1229
0.11765,0.19191,0.19899,0.17592,-0.16235,-0.25188,-0.22235,0.15479
0.28571,0.20607,0.19899,0.17592,0.16807,0.33042,0.5823,0.80465
0.125,0.20607,0.19899,0.17592,-0.16071,-0.32878,-0.6592,-1.2415
0.23529,0.20607,0.19899,0.17592,0.11029,0.27101,0.59979,1.259
0.30435,0.20607,0.19899,0.17592,0.069054,-0.04124,-0.31225,-0.91204
0.08,0.20607,0.19899,0.17592,-0.22435,-0.2934,-0.25216,0.060088
0.28571,0.14037,0.18682,0.20536,0.20571,0.43006,0.72346,0.97562
0.13043,0.14037,0.18682,0.20536,-0.15528,-0.36099,-0.79106,-1.5145
0.2381,0.14037,0.18682,0.20536,0.10766,0.26294,0.62393,1.415
0,0.14037,0.18682,0.20536,-0.2381,-0.34576,-0.6087,-1.2326
0.047619,0.14037,0.18682,0.20536,0.047619,0.28571,0.63147,1.2402
0.26667,0.23327,0.18682,0.20536,0.21905,0.17143,-0.11429,-0.74576
0.375,0.23327,0.18682,0.20536,0.10833,-0.11071,-0.28214,-0.16786
0.11538,0.23327,0.18682,0.20536,-0.25962,-0.36795,-0.25723,0.024908
0.29167,0.23327,0.18682,0.20536,0.17628,0.4359,0.80385,1.0611
0.11765,0.23327,0.18682,0.20536,-0.17402,-0.3503,-0.7862,-1.59
0.5,0.25878,0.22389,0.20536,0.38235,0.55637,0.90667,1.6929
0.15,0.25878,0.22389,0.20536,-0.35,-0.73235,-1.2887,-2.1954
0.13333,0.25878,0.22389,0.20536,-0.016667,0.33333,1.0657,2.3544
0.2963,0.25878,0.22389,0.20536,0.16296,0.17963,-0.1537,-1.2194
0.21429,0.25878,0.22389,0.20536,-0.082011,-0.24497,-0.4246,-0.2709
0.26667,0.189,0.22389,0.20536,0.052381,0.13439,0.37937,0.80397
0.26667,0.189,0.22389,0.20536,0,-0.052381,-0.18677,-0.56614
0.12,0.189,0.22389,0.20536,-0.14667,-0.14667,-0.094286,0.092487
0.16667,0.189,0.22389,0.20536,0.046667,0.19333,0.34,0.43429
0.125,0.189,0.22389,0.20536,-0.041667,-0.088333,-0.28167,-0.62167
0.16667,0.23476,0.20928,0.20064,0.041667,0.083333,0.17167,0.45333
0.42857,0.23476,0.20928,0.20064,0.2619,0.22024,0.1369,-0.034762
0.15,0.23476,0.20928,0.20064,-0.27857,-0.54048,-0.76071,-0.89762
0,0.23476,0.20928,0.20064,-0.15,0.12857,0.66905,1.4298
0.42857,0.23476,0.20928,0.20064,0.42857,0.57857,0.45,-0.21905
0,0.1838,0.20928,0.20064,-0.42857,-0.85714,-1.4357,-1.8857
0.52941,0.1838,0.20928,0.20064,0.52941,0.95798,1.8151,3.2508
0.13636,0.1838,0.20928,0.20064,-0.39305,-0.92246,-1.8804,-3.6956
0.071429,0.1838,0.20928,0.20064,-0.064935,0.32811,1.2506,3.131
0.18182,0.1838,0.20928,0.20064,0.11039,0.17532,-0.15279,-1.4034
0.33333,0.1934,0.19199,0.20064,0.15152,0.041126,-0.1342,0.018589
0.23529,0.1934,0.19199,0.20064,-0.098039,-0.24955,-0.29068,-0.15648
0.25,0.1934,0.19199,0.20064,0.014706,0.11275,0.3623,0.65298
0.076923,0.1934,0.19199,0.20064,-0.17308,-0.18778,-0.30053,-0.66283
0.071429,0.1934,0.19199,0.20064,-0.0054945,0.16758,0.35537,0.65589
0.35294,0.19059,0.19199,0.20064,0.28151,0.28701,0.11942,-0.23594
0.1,0.19059,0.19199,0.20064,-0.25294,-0.53445,-0.82146,-0.94089
0.42857,0.19059,0.19199,0.20064,0.32857,0.58151,1.116,1.9374
0,0.19059,0.19199,0.20064,-0.42857,-0.75714,-1.3387,-2.4546
0.071429,0.19059,0.19199,0.20064,0.071429,0.5,1.2571,2.5958
0,0.24935,0.28496,0.25323,-0.071429,-0.14286,-0.64286,-1.9
0.42857,0.24935,0.28496,0.25323,0.42857,0.5,0.64286,1.2857
0.27273,0.24935,0.28496,0.25323,-0.15584,-0.58442,-1.0844,-1.7273
0.27273,0.24935,0.28496,0.25323,0,0.15584,0.74026,1.8247
0.27273,0.24935,0.28496,0.25323,0,0,-0.15584,-0.8961
0.3125,0.32058,0.28496,0.25323,0.039773,0.039773,0.039773,0.19562
0.28571,0.32058,0.28496,0.25323,-0.026786,-0.066558,-0.10633,-0.1461
0.33333,0.32058,0.28496,0.25323,0.047619,0.074405,0.14096,0.24729
0.30769,0.32058,0.28496,0.25323,-0.025641,-0.07326,-0.14766,-0.28863
0.36364,0.32058,0.28496,0.25323,0.055944,0.081585,0.15485,0.30251
0.4,0.27161,0.2215,0.25323,0.036364,-0.01958,-0.10117,-0.25601
0.038462,0.27161,0.2215,0.25323,-0.36154,-0.3979,-0.37832,-0.27716
0.4,0.27161,0.2215,0.25323,0.36154,0.72308,1.121,1.4993
0.35294,0.27161,0.2215,0.25323,-0.047059,-0.4086,-1.1317,-2.2527
0.16667,0.27161,0.2215,0.25323,-0.18627,-0.13922,0.26938,1.4011
0.25,0.17139,0.2215,0.25323,0.083333,0.26961,0.40882,0.13944
0.11111,0.17139,0.2215,0.25323,-0.13889,-0.22222,-0.49183,-0.90065
0.0625,0.17139,0.2215,0.25323,-0.048611,0.090278,0.3125,0.80433
0.3,0.17139,0.2215,0.25323,0.2375,0.28611,0.19583,-0.11667
0.13333,0.17139,0.2215,0.25323,-0.16667,-0.40417,-0.69028,-0.88611
0.17647,0.22529,0.18602,0.21092,0.043137,0.2098,0.61397,1.3042
0.1,0.22529,0.18602,0.21092,-0.076471,-0.11961,-0.32941,-0.94338
0.33333,0.22529,0.18602,0.21092,0.23333,0.3098,0.42941,0.75882
0.25,0.22529,0.18602,0.21092,-0.083333,-0.31667,-0.62647,-1.0559
0.26667,0.22529,0.18602,0.21092,0.016667,0.1,0.41667,1.0431
0.090909,0.14675,0.18602,0.21092,-0.17576,-0.19242,-0.29242,-0.70909
0.14286,0.14675,0.18602,0.21092,0.051948,0.22771,0.42013,0.71255
0.5,0.14675,0.18602,0.21092,0.35714,0.30519,0.077489,-0.34264
0,0.14675,0.18602,0.21092,-0.5,-0.85714,-1.1623,-1.2398
0,0.14675,0.18602,0.21092,0,0.5,1.3571,2.5195
0.42857,0.2921,0.23581,0.21092,0.42857,0.42857,-0.071429,-1.4286
0.1875,0.2921,0.23581,0.21092,-0.24107,-0.66964,-1.0982,-1.0268
0.23077,0.2921,0.23581,0.21092,0.043269,0.28434,0.95398,2.0522
0.36364,0.2921,0.23581,0.21092,0.13287,0.089598,-0.19474,-1.1487
0.25,0.2921,0.23581,0.21092,-0.11364,-0.2465,-0.3361,-0.14136
0.066667,0.17952,0.23581,0.21092,-0.18333,-0.069697,0.17681,0.51291
0.13333,0.17952,0.23581,0.21092,0.066667,0.25,0.3197,0.14289
0.41667,0.17952,0.23581,0.21092,0.28333,0.21667,-0.033333,-0.35303
0.21429,0.17952,0.23581,0.21092,-0.20238,-0.48571,-0.70238,-0.66905
0.066667,0.17952,0.23581,0.21092,-0.14762,0.054762,0.54048,1.2429
0,0.080556,0.20172,0.25204,-0.066667,0.080952,0.02619,-0.51429
0.055556,0.080556,0.20172,0.25204,0.055556,0.12222,0.04127,0.015079
0,0.080556,0.20172,0.25204,-0.055556,-0.11111,-0.23333,-0.2746
0.22222,0.080556,0.20172,0.25204,0.22222,0.27778,0.38889,0.62222
0.125,0.080556,0.20172,0.25204,-0.097222,-0.31944,-0.59722,-0.98611
0.083333,0.32288,0.20172,0.25204,-0.041667,0.055556,0.375,0.97222
1,0.32288,0.20172,0.25204,0.91667,0.95833,0.90278,0.52778
0.13333,0.32288,0.20172,0.25204,-0.86667,-1.7833,-2.7417,-3.6444
0.27273,0.32288,0.20172,0.25204,0.13939,1.0061,2.7894,5.5311
0.125,0.32288,0.20172,0.25204,-0.14773,-0.28712,-1.2932,-4.0826
0.14286,0.39139,0.30235,0.25204,0.017857,0.16558,0.45271,1.7459
1,0.39139,0.30235,0.25204,0.85714,0.83929,0.6737,0.221
0.25,0.39139,0.30235,0.25204,-0.75,-1.6071,-2.4464,-3.1201
0.23077,0.39139,0.30235,0.25204,-0.019231,0.73077,2.3379,4.7843
0.33333,0.39139,0.30235,0.25204,0.10256,0.12179,-0.60897,-2.9469
0.1,0.21332,0.30235,0.25204,-0.23333,-0.3359,-0.45769,0.15128
0.36364,0.21332,0.30235,0.25204,0.26364,0.49697,0.83287,1.2906
0.25,0.21332,0.30235,0.25204,-0.11364,-0.37727,-0.87424,-1.7071
0.35294,0.21332,0.30235,0.25204,0.10294,0.21658,0.59385,1.4681
0,0.21332,0.30235,0.25204,-0.35294,-0.45588,-0.67246,-1.2663
0,0.13481,0.17372,0.17002,0,0.35294,0.80882,1.4813
0.42857,0.13481,0.17372,0.17002,0.42857,0.42857,0.07563,-0.73319
0.045455,0.13481,0.17372,0.17002,-0.38312,-0.81169,-1.2403,-1.3159
0.2,0.13481,0.17372,0.17002,0.15455,0.53766,1.3494,2.5896
0,0.13481,0.17372,0.17002,-0.2,-0.35455,-0.89221,-2.2416
0.41667,0.21263,0.17372,0.17002,0.41667,0.61667,0.97121,1.8634
0.55556,0.21263,0.17372,0.17002,0.13889,-0.27778,-0.89444,-1.8657
0,0.21263,0.17372,0.17002,-0.55556,-0.69444,-0.41667,0.47778
0,0.21263,0.17372,0.17002,0,0.55556,1.25,1.6667
0.090909,0.21263,0.17372,0.17002,0.090909,0.090909,-0.46465,-1.7146
0.18182,0.11823,0.16633,0.17002,0.090909,0,-0.090909,0.37374
0.066667,0.11823,0.16633,0.17002,-0.11515,-0.20606,-0.20606,-0.11515
0.1,0.11823,0.16633,0.17002,0.033333,0.14848,0.35455,0.56061
0.11765,0.11823,0.16633,0.17002,0.017647,-0.015686,-0.16417,-0.51872
0.125,0.11823,0.16633,0.17002,0.0073529,-0.010294,0.0053922,0.16956
0,0.21442,0.16633,0.17002,-0.125,-0.13235,-0.12206,-0.12745
0.33333,0.21442,0.16633,0.17002,0.33333,0.45833,0.59069,0.71275
0.23077,0.21442,0.16633,0.17002,-0.10256,-0.4359,-0.89423,-1.4849
0.23529,0.21442,0.16633,0.17002,0.0045249,0.10709,0.54299,1.4372
0.27273,0.21442,0.16633,0.17002,0.037433,0.032908,-0.074181,-0.61717
0.4,0.19993,0.19547,0.16498,0.12727,0.08984,0.056931,0.13111
0.11765,0.19993,0.19547,0.16498,-0.28235,-0.40963,-0.49947,-0.5564
0.17647,0.19993,0.19547,0.16498,0.058824,0.34118,0.7508,1.2503
0.22222,0.19993,0.19547,0.16498,0.045752,-0.013072,-0.35425,-1.1051
0.083333,0.19993,0.19547,0.16498,-0.13889,-0.18464,-0.17157,0.18268
0.21429,0.19101,0.19547,0.16498,0.13095,0.26984,0.45448,0.62605
0.071429,0.19101,0.19547,0.16498,-0.14286,-0.27381,-0.54365,-0.99813
0.3,0.19101,0.19547,0.16498,0.22857,0.37143,0.64524,1.1889
0.18182,0.19101,0.19547,0.16498,-0.11818,-0.34675,-0.71818,-1.3634
0.1875,0.19101,0.19547,0.16498,0.0056818,0.12386,0.47062,1.1888
0.36364,0.13812,0.13449,0.16498,0.17614,0.17045,0.046591,-0.42403
0.055556,0.13812,0.13449,0.16498,-0.30808,-0.48422,-0.65467,-0.70126
0.2,0.13812,0.13449,0.16498,0.14444,0.45253,0.93674,1.5914
0,0.13812,0.13449,0.16498,-0.2,-0.34444,-0.79697,-1.7337
0.071429,0.13812,0.13449,0.16498,0.071429,0.27143,0.61587,1.4128
0.375,0.13086,0.13449,0.16498,0.30357,0.23214,-0.039286,-0.65516
0.15789,0.13086,0.13449,0.16498,-0.21711,-0.52068,-0.75282,-0.71353
0.071429,0.13086,0.13449,0.16498,-0.086466,0.13064,0.65132,1.4041
0.05,0.13086,0.13449,0.16498,-0.021429,0.065038,-0.065602,-0.71692
0,0.13086,0.13449,0.16498,-0.05,-0.028571,-0.093609,-0.028008
0.21429,0.20518,0.1612,0.17589,0.21429,0.26429,0.29286,0.38647
0.25,0.20518,0.1612,0.17589,0.035714,-0.17857,-0.44286,-0.73571
0.31579,0.20518,0.1612,0.17589,0.065789,0.030075,0.20865,0.6515
0.11538,0.20518,0.1612,0.17589,-0.2004,-0.26619,-0.29627,-0.50492
0.13043,0.20518,0.1612,0.17589,0.01505,0.21546,0.48165,0.77792
0.1875,0.11722,0.1612,0.17589,0.057065,0.042015,-0.17344,-0.65509
0.090909,0.11722,0.1612,0.17589,-0.096591,-0.15366,-0.19567,-0.022231
0,0.11722,0.1612,0.17589,-0.090909,0.0056818,0.15934,0.35501
0.30769,0.11722,0.1612,0.17589,0.30769,0.3986,0.39292,0.23358
0,0.11722,0.1612,0.17589,-0.30769,-0.61538,-1.014,-1.4069
0,0.13867,0.19059,0.17589,0,0.30769,0.92308,1.9371
0.16667,0.13867,0.19059,0.17589,0.16667,0.16667,-0.14103,-1.0641
0.16,0.13867,0.19059,0.17589,-0.0066667,-0.17333,-0.34,-0.19897
0.16667,0.13867,0.19059,0.17589,0.0066667,0.013333,0.18667,0.52667
0.2,0.13867,0.19059,0.17589,0.033333,0.026667,0.013333,-0.17333
0.28571,0.24251,0.19059,0.17589,0.085714,0.052381,0.025714,0.012381
0.35,0.24251,0.19059,0.17589,0.064286,-0.021429,-0.07381,-0.099524
0.25,0.24251,0.19059,0.17589,-0.1,-0.16429,-0.14286,-0.069048
0.19048,0.24251,0.19059,0.17589,-0.059524,0.040476,0.20476,0.34762
0.13636,0.24251,0.19059,0.17589,-0.054113,0.0054113,-0.035065,-0.23983
0.2093,0.075009,0.082626,0.095045,0.072939,0.12705,0.12164,0.1567
0,0.075009,0.082626,0.095045,-0.2093,-0.28224,-0.40929,-0.53093
0.03125,0.075009,0.082626,0.095045,0.03125,0.24055,0.52279,0.93209
0.04878,0.075009,0.082626,0.095045,0.01753,-0.01372,-0.25427,-0.77707
0.085714,0.075009,0.082626,0.095045,0.036934,0.019403,0.033123,0.28739
0.030303,0.090243,0.082626,0.095045,-0.055411,-0.092345,-0.11175,-0.14487
0.15385,0.090243,0.082626,0.095045,0.12354,0.17895,0.2713,0.38305
0.125,0.090243,0.082626,0.095045,-0.028846,-0.15239,-0.33134,-0.60264
0.11429,0.090243,0.082626,0.095045,-0.010714,0.018132,0.17052,0.50186
0.027778,0.090243,0.082626,0.095045,-0.086508,-0.075794,-0.093926,-0.26445
0.10345,0.11502,0.10746,0.095045,0.07567,0.16218,0.23797,0.3319
0.13333,0.11502,0.10746,0.095045,0.029885,-0.045785,-0.20796,-0.44594
0.0625,0.11502,0.10746,0.095045,-0.070833,-0.10072,-0.054933,0.15303
0.22581,0.11502,0.10746,0.095045,0.16331,0.23414,0.33486,0.38979
0.05,0.11502,0.10746,0.095045,-0.17581,-0.33911,-0.57325,-0.90811
0.12903,0.099912,0.10746,0.095045,0.079032,0.25484,0.59395,1.1672
0.044444,0.099912,0.10746,0.095045,-0.084588,-0.16362,-0.41846,-1.0124
0.21212,0.099912,0.10746,0.095045,0.16768,0.25226,0.41588,0.83434
0.076923,0.099912,0.10746,0.095045,-0.1352,-0.30287,-0.55514,-0.97102
0.037037,0.099912,0.10746,0.095045,-0.039886,0.095312,0.39819,0.95333
0.055556,0.079561,0.064688,0.074483,0.018519,0.058405,-0.036908,-0.43509
0.071429,0.079561,0.064688,0.074483,0.015873,-0.0026455,-0.06105,-0.024143
0.061224,0.079561,0.064688,0.074483,-0.010204,-0.026077,-0.023432,0.037618
0.18919,0.079561,0.064688,0.074483,0.12796,0.13817,0.16425,0.18768
0.020408,0.079561,0.064688,0.074483,-0.16878,-0.29675,-0.43491,-0.59916
0.016949,0.049815,0.064688,0.074483,-0.003459,0.16532,0.46207,0.89698
0.019231,0.049815,0.064688,0.074483,0.0022816,0.0057406,-0.15958,-0.62165
0.025641,0.049815,0.064688,0.074483,0.0064103,0.0041286,-0.001612,0.15797
0.13725,0.049815,0.064688,0.074483,0.11161,0.1052,0.10107,0.10269
0.05,0.049815,0.064688,0.074483,-0.087255,-0.19887,-0.30407,-0.40515
0.069767,0.11299,0.084278,0.074483,0.019767,0.10702,0.30589,0.60996
0.078431,0.11299,0.084278,0.074483,0.0086639,-0.011104,-0.11813,-0.42402
0.18421,0.11299,0.084278,0.074483,0.10578,0.097115,0.10822,0.22634
0.10526,0.11299,0.084278,0.074483,-0.078947,-0.18473,-0.28184,-0.39006
0.12727,0.11299,0.084278,0.074483,0.02201,0.10096,0.28568,0.56753
0.057143,0.055567,0.084278,0.074483,-0.07013,-0.092139,-0.1931,-0.47878
0,0.055567,0.084278,0.074483,-0.057143,0.012987,0.10513,0.29822
0.098039,0.055567,0.084278,0.074483,0.098039,0.15518,0.1422,0.037069
0.06383,0.055567,0.084278,0.074483,-0.034209,-0.13225,-0.28743,-0.42963
0.058824,0.055567,0.084278,0.074483,-0.0050063,0.029203,0.16145,0.44888
0.097561,0.090036,0.07475,0.081953,0.038737,0.043744,0.014541,-0.14691
0.095238,0.090036,0.07475,0.081953,-0.0023229,-0.04106,-0.084804,-0.099345
0.13433,0.090036,0.07475,0.081953,0.03909,0.041413,0.082473,0.16728
0.070423,0.090036,0.07475,0.081953,-0.063906,-0.103,-0.14441,-0.22688
0.052632,0.090036,0.07475,0.081953,-0.017791,0.046115,0.14911,0.29352
0.020833,0.059463,0.07475,0.081953,-0.031798,-0.014007,-0.060122,-0.20923
0.09434,0.059463,0.07475,0.081953,0.073506,0.1053,0.11931,0.17943
0.036364,0.059463,0.07475,0.081953,-0.057976,-0.13148,-0.23679,-0.3561
0.058824,0.059463,0.07475,0.081953,0.02246,0.080436,0.21192,0.4487
0.086957,0.059463,0.07475,0.081953,0.028133,0.0056731,-0.074763,-0.28668
0.0375,0.084149,0.089157,0.081953,-0.049457,-0.07759,-0.083263,-0.0084998
0.058824,0.084149,0.089157,0.081953,0.021324,0.07078,0.14837,0.23163
0.18367,0.084149,0.089157,0.081953,0.12485,0.10353,0.032746,-0.11562
0.094595,0.084149,0.089157,0.081953,-0.089079,-0.21393,-0.31746,-0.3502
0.046154,0.084149,0.089157,0.081953,-0.048441,0.040638,0.25457,0.57202
0.11111,0.094165,0.089157,0.081953,0.064957,0.1134,0.07276,-0.18181
0.084337,0.094165,0.089157,0.081953,-0.026774,-0.091731,-0.20513,-0.27789
0.054054,0.094165,0.089157,0.081953,-0.030283,-0.0035095,0.088221,0.29335
0.089744,0.094165,0.089157,0.081953,0.03569,0.065973,0.069482,-0.018739
0.13158,0.094165,0.089157,0.081953,0.041835,0.0061458,-0.059827,-0.12931
0.16129,0.12945,0.11365,0.114,0.029711,-0.012124,-0.01827,0.041557
0.085714,0.12945,0.11365,0.114,-0.075576,-0.10529,-0.093163,-0.074894
0.14925,0.12945,0.11365,0.114,0.063539,0.13912,0.2444,0.33757
0.11765,0.12945,0.11365,0.114,-0.031607,-0.095146,-0.23426,-0.47866
0.13333,0.12945,0.11365,0.114,0.015686,0.047293,0.14244,0.3767
0.071429,0.09785,0.11365,0.114,-0.061905,-0.077591,-0.12488,-0.26732
0.056338,0.09785,0.11365,0.114,-0.015091,0.046814,0.12441,0.24929
0.14667,0.09785,0.11365,0.114,0.090329,0.10542,0.058605,-0.0658
0.066667,0.09785,0.11365,0.114,-0.08,-0.17033,-0.27575,-0.33435
0.14815,0.09785,0.11365,0.114,0.081481,0.16148,0.33181,0.60756
0.08642,0.1325,0.11435,0.114,-0.061728,-0.14321,-0.30469,-0.6365
0.13433,0.1325,0.11435,0.114,0.047909,0.10964,0.25285,0.55754
0.078947,0.1325,0.11435,0.114,-0.055381,-0.10329,-0.21293,-0.46577
0.15068,0.1325,0.11435,0.114,0.071738,0.12712,0.23041,0.44333
0.21212,0.1325,0.11435,0.114,0.061436,-0.010301,-0.13742,-0.36783
0.037736,0.096206,0.11435,0.114,-0.17439,-0.23582,-0.22552,-0.088101
0.13433,0.096206,0.11435,0.114,0.096593,0.27098,0.5068,0.73232
0.13043,0.096206,0.11435,0.114,-0.0038936,-0.10049,-0.37146,-0.87826
0.051948,0.096206,0.11435,0.114,-0.078487,-0.074593,0.025893,0.39736
0.12658,0.096206,0.11435,0.114,0.074634,0.15312,0.22771,0.20182
0.13115,0.14132,0.13803,0.11633,0.0045653,-0.070069,-0.22319,-0.4509
0.11842,0.14132,0.13803,0.11633,-0.012726,-0.017292,0.052777,0.27597
0.17647,0.14132,0.13803,0.11633,0.05805,0.070776,0.088068,0.035291
0.1,0.14132,0.13803,0.11633,-0.076471,-0.13452,-0.2053,-0.29336
0.18056,0.14132,0.13803,0.11633,0.080556,0.15703,0.29155,0.49684
0.10588,0.13474,0.13803,0.11633,-0.074673,-0.15523,-0.31225,-0.6038
0.071429,0.13474,0.13803,0.11633,-0.034454,0.040219,0.19545,0.5077
0.1791,0.13474,0.13803,0.11633,0.10768,0.14213,0.10191,-0.093538
0.19231,0.13474,0.13803,0.11633,0.013203,-0.094473,-0.2366,-0.33851
0.125,0.13474,0.13803,0.11633,-0.067308,-0.080511,0.013962,0.25056
0.094595,0.096486,0.094622,0.11633,-0.030405,0.036902,0.11741,0.10345
0.078947,0.096486,0.094622,0.11633,-0.015647,0.014758,-0.022144,-0.13956
0.0875,0.096486,0.094622,0.11633,0.0085526,0.0242,0.0094417,0.031586
0.125,0.096486,0.094622,0.11633,0.0375,0.028947,0.0047475,-0.0046942
0.096386,0.096486,0.094622,0.11633,-0.028614,-0.066114,-0.095062,-0.099809
0.057471,0.092758,0.094622,0.11633,-0.038914,-0.0103,0.055815,0.15088
0.18182,0.092758,0.094622,0.11633,0.12435,0.16326,0.17356,0.11775
0.05102,0.092758,0.094622,0.11633,-0.1308,-0.25514,-0.41841,-0.59197
0.082569,0.092758,0.094622,0.11633,0.031548,0.16235,0.41749,0.8359
0.090909,0.092758,0.094622,0.11633,0.0083403,-0.023208,-0.18555,-0.60305
0.15385,0.1142,0.12689,0.12159,0.062937,0.054597,0.077805,0.26336
0.071429,0.1142,0.12689,0.12159,-0.082418,-0.14535,-0.19995,-0.27776
0.13274,0.1142,0.12689,0.12159,0.061315,0.14373,0.28909,0.48904
0.12963,0.1142,0.12689,0.12159,-0.0031137,-0.064429,-0.20816,-0.49725
0.083333,0.1142,0.12689,0.12159,-0.046296,-0.043183,0.021246,0.22941
0.14583,0.13957,0.12689,0.12159,0.0625,0.1088,0.15198,0.13073
0.059406,0.13957,0.12689,0.12159,-0.086427,-0.14893,-0.25772,-0.4097
0.15385,0.13957,0.12689,0.12159,0.09444,0.18087,0.32979,0.58752
0.12879,0.13957,0.12689,0.12159,-0.025058,-0.1195,-0.30037,-0.63016
0.21,0.13957,0.12689,0.12159,0.081212,0.10627,0.22577,0.52613
0.064516,0.11574,0.1163,0.12159,-0.14548,-0.2267,-0.33297,-0.55874
0.16667,0.11574,0.1163,0.12159,0.10215,0.24763,0.47433,0.8073
0.13559,0.11574,0.1163,0.12159,-0.031073,-0.13322,-0.38086,-0.85519
0.075188,0.11574,0.1163,0.12159,-0.060405,-0.029332,0.10389,0.48475
0.13675,0.11574,0.1163,0.12159,0.061564,0.12197,0.1513,0.047409
0.097561,0.11686,0.1163,0.12159,-0.039191,-0.10076,-0.22272,-0.37403
0.09322,0.11686,0.1163,0.12159,-0.0043406,0.034851,0.13561,0.35833
0.17431,0.11686,0.1163,0.12159,0.081092,0.085432,0.050582,-0.085024
0.085271,0.11686,0.1163,0.12159,-0.089041,-0.17013,-0.25556,-0.30615
0.13393,0.11686,0.1163,0.12159,0.048657,0.1377,0.30783,0.56339
0.1,0.096817,0.11231,0.11491,-0.033929,-0.082586,-0.22028,-0.52811
0.091603,0.096817,0.11231,0.11491,-0.0083969,0.025532,0.10812,0.3284
0.098039,0.096817,0.11231,0.11491,0.0064362,0.014833,-0.010699,-0.11882
0.11111,0.096817,0.11231,0.11491,0.013072,0.0066357,-0.0081974,0.0025011
0.083333,0.096817,0.11231,0.11491,-0.027778,-0.04085,-0.047485,-0.039288
0.057143,0.1278,0.11231,0.11491,-0.02619,0.0015873,0.042437,0.089922
0.1875,0.1278,0.11231,0.11491,0.13036,0.15655,0.15496,0.11252
0.12598,0.1278,0.11231,0.11491,-0.061516,-0.19187,-0.34842,-0.50338
0.15942,0.1278,0.11231,0.11491,0.033436,0.094952,0.28682,0.63525
0.10897,0.1278,0.11231,0.11491,-0.050446,-0.083882,-0.17883,-0.46566
0.10274,0.1199,0.11751,0.11491,-0.0062346,0.044211,0.12809,0.30693
0.10843,0.1199,0.11751,0.11491,0.005694,0.011929,-0.032283,-0.16038
0.10323,0.1199,0.11751,0.11491,-0.0052079,-0.010902,-0.022831,0.0094521
0.16788,0.1199,0.11751,0.11491,0.064657,0.069865,0.080767,0.1036
0.11724,0.1199,0.11751,0.11491,-0.050642,-0.1153,-0.18516,-0.26593
0.097403,0.11512,0.11751,0.11491,-0.019839,0.030803,0.1461,0.33127
0.12319,0.11512,0.11751,0.11491,0.025786,0.045625,0.014822,-0.13128
0.15942,0.11512,0.11751,0.11491,0.036232,0.010446,-0.035179,-0.05
0.13014,0.11512,0.11751,0.11491,-0.029283,-0.065515,-0.075961,-0.040783
0.065476,0.11512,0.11751,0.11491,-0.064661,-0.035377,0.030138,0.1061
0.1039,0.10432,0.11061,0.11154,0.03842,0.10308,0.13846,0.10832
0.08805,0.10432,0.11061,0.11154,-0.015846,-0.054266,-0.15735,-0.2958
0.096591,0.10432,0.11061,0.11154,0.0085406,0.024386,0.078652,0.236
0.12195,0.10432,0.11061,0.11154,0.02536,0.01682,-0.0075667,-0.086219
0.11111,0.10432,0.11061,0.11154,-0.01084,-0.0362,-0.05302,-0.045453
0.088757,0.11691,0.11061,0.11154,-0.022354,-0.011514,0.024687,0.077707
0.12857,0.11691,0.11061,0.11154,0.039814,0.062168,0.073681,0.048995
0.095506,0.11691,0.11061,0.11154,-0.033066,-0.07288,-0.13505,-0.20873
0.1092,0.11691,0.11061,0.11154,0.01369,0.046756,0.11964,0.25468
0.1625,0.11691,0.11061,0.11154,0.053305,0.039615,-0.0071408,-0.12678
0.11039,0.11126,0.11246,0.11154,-0.05211,-0.10541,-0.14503,-0.13789
0.094675,0.11126,0.11246,0.11154,-0.015715,0.036395,0.14181,0.28684
0.1375,0.11126,0.11246,0.11154,0.042825,0.05854,0.022145,-0.11967
0.098958,0.11126,0.11246,0.11154,-0.038542,-0.081367,-0.13991,-0.16205
0.11475,0.11126,0.11246,0.11154,0.015796,0.054337,0.1357,0.27561
0.11043,0.11367,0.11246,0.11154,-0.0043246,-0.02012,-0.074458,-0.21016
0.15337,0.11367,0.11246,0.11154,0.042945,0.047269,0.06739,0.14185
0.096257,0.11367,0.11246,0.11154,-0.057118,-0.10006,-0.14733,-0.21472
0.10383,0.11367,0.11246,0.11154,0.0075685,0.064686,0.16475,0.31208
0.10448,0.11367,0.11246,0.11154,0.00065247,-0.006916,-0.071602,-0.23635
0.18367,0.11538,0.12339,0.12398,0.079196,0.078543,0.085459,0.15706
0.11168,0.11538,0.12339,0.12398,-0.071998,-0.15119,-0.22974,-0.3152
0.13298,0.11538,0.12339,0.12398,0.021304,0.093302,0.2445,0.47423
0.081081,0.11538,0.12339,0.12398,-0.051898,-0.073201,-0.1665,-0.411
0.067485,0.11538,0.12339,0.12398,-0.013596,0.038301,0.1115,0.27801
0.13839,0.13141,0.12339,0.12398,0.070908,0.084505,0.046203,-0.065299
0.10215,0.13141,0.12339,0.12398,-0.036242,-0.10715,-0.19166,-0.23786
0.18657,0.13141,0.12339,0.12398,0.084417,0.12066,0.22781,0.41946
0.097403,0.13141,0.12339,0.12398,-0.089165,-0.17358,-0.29424,-0.52205
0.13253,0.13141,0.12339,0.12398,0.035128,0.12429,0.29787,0.59211
0.10383,0.13494,0.12456,0.12398,-0.028705,-0.063833,-0.18812,-0.486
0.12,0.13494,0.12456,0.12398,0.016175,0.04488,0.10871,0.29684
0.17544,0.13494,0.12456,0.12398,0.055439,0.039264,-0.0056161,-0.11433
0.17391,0.13494,0.12456,0.12398,-0.0015256,-0.056964,-0.096228,-0.090612
0.10152,0.13494,0.12456,0.12398,-0.07239,-0.070865,-0.0139,0.082327
0.13978,0.11418,0.12456,0.12398,0.038262,0.11065,0.18152,0.19542
0.093264,0.11418,0.12456,0.12398,-0.046521,-0.084783,-0.19544,-0.37695
0.087156,0.11418,0.12456,0.12398,-0.0061083,0.040412,0.1252,0.32063
0.12322,0.11418,0.12456,0.12398,0.036067,0.042175,0.0017627,-0.12343
0.12745,0.11418,0.12456,0.12398,0.0042282,-0.031839,-0.074014,-0.075776
0.14136,0.1426,0.13149,0.13336,0.01391,0.009682,0.041521,0.11553
0.1369,0.1426,0.13149,0.13336,-0.0044565,-0.018367,-0.028049,-0.069569
0.125,0.1426,0.13149,0.13336,-0.011905,-0.0074483,0.010919,0.038967
0.125,0.1426,0.13149,0.13336,0,0.011905,0.019353,0.0084345
0.18471,0.1426,0.13149,0.13336,0.059713,0.059713,0.047809,0.028456
0.11005,0.12038,0.13149,0.13336,-0.074666,-0.13438,-0.19409,-0.2419
0.11905,0.12038,0.13149,0.13336,0.0089998,0.083665,0.21804,0.41214
0.11399,0.12038,0.13149,0.13336,-0.005058,-0.014058,-0.097723,-0.31577
0.14428,0.12038,0.13149,0.13336,0.030289,0.035347,0.049405,0.14713
0.11454,0.12038,0.13149,0.13336,-0.029741,-0.06003,-0.095377,-0.14478
0.13661,0.14669,0.13523,0.13336,0.022075,0.051816,0.11185,0.20722
0.16304,0.14669,0.13523,0.13336,0.026431,0.0043569,-0.047459,-0.1593
0.13333,0.14669,0.13523,0.13336,-0.02971,-0.056142,-0.060498,-0.01304
0.1497,0.14669,0.13523,0.13336,0.016367,0.046077,0.10222,0.16272
0.15075,0.14669,0.13523,0.13336,0.0010532,-0.015314,-0.061392,-0.16361
0.15764,0.12378,0.13523,0.13336,0.0068817,0.0058285,0.021143,0.082534
0.091371,0.12378,0.13523,0.13336,-0.066265,-0.073147,-0.078975,-0.10012
0.15423,0.12378,0.13523,0.13336,0.062858,0.12912,0.20227,0.28124
0.10833,0.12378,0.13523,0.13336,-0.045896,-0.10875,-0.23788,-0.44015
0.10732,0.12378,0.13523,0.13336,-0.0010163,0.044879,0.15363,0.39151
0.13303,0.13286,0.13534,0.13028,0.02571,0.026727,-0.018153,-0.17179
0.12775,0.13286,0.13534,0.13028,-0.0052742,-0.030985,-0.057711,-0.039559
0.125,0.13286,0.13534,0.13028,-0.0027533,0.0025209,0.033506,0.091217
0.15668,0.13286,0.13534,0.13028,0.031682,0.034435,0.031914,-0.0015912
0.12185,0.13286,0.13534,0.13028,-0.034833,-0.066515,-0.10095,-0.13287
0.11795,0.13783,0.13534,0.13028,-0.0039,0.030933,0.097449,0.1984
0.11616,0.13783,0.13534,0.13028,-0.0017871,0.0021129,-0.02882,-0.12627
0.15,0.13783,0.13534,0.13028,0.033838,0.035625,0.033513,0.062333
0.1674,0.13783,0.13534,0.13028,0.017401,-0.016438,-0.052063,-0.085576
0.13761,0.13783,0.13534,0.13028,-0.029786,-0.047187,-0.03075,0.021313
0.12745,0.14082,0.12521,0.13028,-0.010164,0.019623,0.06681,0.097559
0.19214,0.14082,0.12521,0.13028,0.064689,0.074852,0.05523,-0.01158
0.10823,0.14082,0.12521,0.13028,-0.083915,-0.1486,-0.22346,-0.27869
0.15508,0.14082,0.12521,0.13028,0.046855,0.13077,0.27937,0.50283
0.12121,0.14082,0.12521,0.13028,-0.033868,-0.080723,-0.21149,-0.49087
0.098214,0.10959,0.12521,0.13028,-0.022998,0.01087,0.091593,0.30309
0.12821,0.10959,0.12521,0.13028,0.029991,0.052989,0.042118,-0.049475
0.12609,0.10959,0.12521,0.13028,-0.0021182,-0.032109,-0.085098,-0.12722
0.1,0.10959,0.12521,0.13028,-0.026087,-0.023969,0.0081402,0.093238
0.095455,0.10959,0.12521,0.13028,-0.0045455,0.021542,0.04551,0.03737
0.11441,0.13511,0.13478,0.13797,0.018952,0.023498,0.0019562,-0.043554
0.19091,0.13511,0.13478,0.13797,0.076502,0.05755,0.034052,0.032096
0.13778,0.13511,0.13478,0.13797,-0.053131,-0.12963,-0.18718,-0.22124
0.10502,0.13511,0.13478,0.13797,-0.032755,0.020376,0.15001,0.33719
0.12741,0.13511,0.13478,0.13797,0.02239,0.055145,0.034769,-0.11524
0.12069,0.13445,0.13478,0.13797,-0.0067235,-0.029114,-0.084259,-0.11903
0.13171,0.13445,0.13478,0.13797,0.011018,0.017741,0.046855,0.13111
0.1674,0.13445,0.13478,0.13797,0.035694,0.024676,0.0069348,-0.03992
0.098214,0.13445,0.13478,0.13797,-0.069187,-0.10488,-0.12956,-0.13649
0.15423,0.13445,0.13478,0.13797,0.056015,0.1252,0.23008,0.35964
0.17453,0.14399,0.14117,0.13797,0.020299,-0.035715,-0.16092,-0.391
0.15766,0.14399,0.14117,0.13797,-0.016871,-0.03717,-0.001455,0.15946
0.093284,0.14399,0.14117,0.13797,-0.064374,-0.047503,-0.010333,-0.0088784
0.14912,0.14399,0.14117,0.13797,0.055839,0.12021,0.16772,0.17805
0.14537,0.14399,0.14117,0.13797,-0.0037484,-0.059588,-0.1798,-0.34752
0.14155,0.13834,0.14117,0.13797,-0.0038219,-7.36E-05,0.059514,0.23931
0.16797,0.13834,0.14117,0.13797,0.026416,0.030238,0.030312,-0.029202
0.11029,0.13834,0.14117,0.13797,-0.057675,-0.084091,-0.11433,-0.14464
0.12903,0.13834,0.14117,0.13797,0.018738,0.076413,0.1605,0.27483
0.14286,0.13834,0.14117,0.13797,0.013825,-0.0049133,-0.081326,-0.24183
0.18828,0.15793,0.16186,0.1429,0.045427,0.031602,0.036516,0.11784
0.13362,0.15793,0.16186,0.1429,-0.054664,-0.10009,-0.13169,-0.16821
0.20172,0.15793,0.16186,0.1429,0.068096,0.12276,0.22285,0.35454
0.15695,0.15793,0.16186,0.1429,-0.044766,-0.11286,-0.23562,-0.45847
0.10909,0.15793,0.16186,0.1429,-0.04786,-0.0030937,0.10977,0.34539
0.20721,0.16579,0.16186,0.1429,0.098116,0.14598,0.14907,0.039301
0.19524,0.16579,0.16186,0.1429,-0.011969,-0.11009,-0.25606,-0.40513
0.11382,0.16579,0.16186,0.1429,-0.081417,-0.069448,0.040638,0.2967
0.17797,0.16579,0.16186,0.1429,0.064145,0.14556,0.21501,0.17437
0.13469,0.16579,0.16186,0.1429,-0.043272,-0.10742,-0.25298,-0.46799
0.090909,0.12048,0.12395,0.1429,-0.043785,-0.00051256,0.1069,0.35988
0.15451,0.12048,0.12395,0.1429,0.063597,0.10738,0.10789,0.00099007
0.12658,0.12048,0.12395,0.1429,-0.027924,-0.091522,-0.1989,-0.3068
0.14537,0.12048,0.12395,0.1429,0.018792,0.046716,0.13824,0.33714
0.08502,0.12048,0.12395,0.1429,-0.060354,-0.079146,-0.12586,-0.2641
0.089362,0.12742,0.12395,0.1429,0.0043415,0.064696,0.14384,0.2697
0.12109,0.12742,0.12395,0.1429,0.031732,0.027391,-0.037305,-0.18115
0.16379,0.12742,0.12395,0.1429,0.042699,0.010967,-0.016423,0.020882
0.14286,0.12742,0.12395,0.1429,-0.020936,-0.063635,-0.074603,-0.058179
0.12,0.12742,0.12395,0.1429,-0.022857,-0.0019212,0.061714,0.13632
0.15354,0.14293,0.14857,0.15317,0.033543,0.0564,0.058322,-0.0033925
0.14463,0.14293,0.14857,0.15317,-0.0089152,-0.042459,-0.098859,-0.15718
0.12308,0.14293,0.14857,0.15317,-0.021551,-0.012636,0.029823,0.12868
0.13502,0.14293,0.14857,0.15317,0.011944,0.033495,0.046131,0.016309
0.15837,0.14293,0.14857,0.15317,0.02335,0.011406,-0.02209,-0.068221
0.18777,0.15421,0.14857,0.15317,0.029402,0.0060519,-0.0053538,0.016736
0.12302,0.15421,0.14857,0.15317,-0.064757,-0.094159,-0.10021,-0.094857
0.16129,0.15421,0.14857,0.15317,0.038274,0.10303,0.19719,0.2974
0.17489,0.15421,0.14857,0.15317,0.013598,-0.024677,-0.12771,-0.3249
0.12406,0.15421,0.14857,0.15317,-0.050828,-0.064425,-0.039748,0.08796
0.14463,0.1569,0.15777,0.15317,0.020568,0.071396,0.13582,0.17557
0.17829,0.1569,0.15777,0.15317,0.033666,0.013099,-0.058297,-0.19412
0.15625,0.1569,0.15777,0.15317,-0.022045,-0.055711,-0.06881,-0.010512
0.16129,0.1569,0.15777,0.15317,0.0050403,0.027085,0.082796,0.15161
0.14403,0.1569,0.15777,0.15317,-0.017257,-0.022298,-0.049383,-0.13218
0.16049,0.15864,0.15777,0.15317,0.016461,0.033718,0.056016,0.1054
0.16049,0.15864,0.15777,0.15317,0,-0.016461,-0.050179,-0.1062
0.12791,0.15864,0.15777,0.15317,-0.032587,-0.032587,-0.016126,0.034053
0.18182,0.15864,0.15777,0.15317,0.053911,0.086498,0.11908,0.13521
0.1625,0.15864,0.15777,0.15317,-0.019318,-0.073229,-0.15973,-0.27881
0.11462,0.13761,0.14564,0.14706,-0.047875,-0.028557,0.044672,0.2044
0.15768,0.13761,0.14564,0.14706,0.043052,0.090927,0.11948,0.074813
0.12245,0.13761,0.14564,0.14706,-0.035227,-0.078279,-0.16921,-0.28869
0.16547,0.13761,0.14564,0.14706,0.043019,0.078246,0.15653,0.32573
0.12782,0.13761,0.14564,0.14706,-0.037648,-0.080667,-0.15891,-0.31544
0.14567,0.15367,0.14564,0.14706,0.01785,0.055498,0.13616,0.29508
0.12593,0.15367,0.14564,0.14706,-0.019743,-0.037593,-0.093091,-0.22926
0.14029,0.15367,0.14564,0.14706,0.014362,0.034105,0.071698,0.16479
0.16239,0.15367,0.14564,0.14706,0.022105,0.0077435,-0.026362,-0.09806
0.19409,0.15367,0.14564,0.14706,0.0317,0.0095943,0.0018507,0.028212
0.15472,0.13392,0.14848,0.14706,-0.039376,-0.071076,-0.08067,-0.082521
0.12766,0.13392,0.14848,0.14706,-0.027057,0.012318,0.083394,0.16406
0.13309,0.13392,0.14848,0.14706,0.005434,0.032491,0.020173,-0.063221
0.10432,0.13392,0.14848,0.14706,-0.028777,-0.034211,-0.066702,-0.086875
0.14981,0.13392,0.14848,0.14706,0.045496,0.074273,0.10848,0.17519
0.15652,0.16303,0.14848,0.14706,0.006709,-0.038787,-0.11306,-0.22154
0.16797,0.16303,0.14848,0.14706,0.011447,0.004738,0.043525,0.15659
0.22072,0.16303,0.14848,0.14706,0.052752,0.041305,0.036567,-0.0069582
0.12868,0.16303,0.14848,0.14706,-0.092044,-0.1448,-0.1861,-0.22267
0.14126,0.16303,0.14848,0.14706,0.012587,0.10463,0.24943,0.43553
0.16541,0.16535,0.15244,0.14792,0.02415,0.011562,-0.09307,-0.3425
0.16596,0.16535,0.15244,0.14792,0.00054391,-0.023606,-0.035168,0.057902
0.16034,0.16535,0.15244,0.14792,-0.0056199,-0.0061638,0.017442,0.05261
0.14706,0.16535,0.15244,0.14792,-0.013279,-0.0076588,-0.001495,-0.018937
0.188,0.16535,0.15244,0.14792,0.040941,0.05422,0.061879,0.063374
0.17886,0.13953,0.15244,0.14792,-0.0091382,-0.050079,-0.1043,-0.16618
0.16863,0.13953,0.15244,0.14792,-0.010234,-0.0010961,0.048983,0.15328
0.13546,0.13953,0.15244,0.14792,-0.033169,-0.022935,-0.021839,-0.070822
0.12308,0.13953,0.15244,0.14792,-0.012381,0.020788,0.043723,0.065562
0.091603,0.13953,0.15244,0.14792,-0.031474,-0.019093,-0.039881,-0.083604
0.13333,0.15386,0.1434,0.14792,0.04173,0.073204,0.092297,0.13218
0.1841,0.15386,0.1434,0.14792,0.050767,0.0090368,-0.064167,-0.15646
0.097643,0.15386,0.1434,0.14792,-0.086457,-0.13722,-0.14626,-0.082094
0.18182,0.15386,0.1434,0.14792,0.084175,0.17063,0.30786,0.45412
0.17241,0.15386,0.1434,0.14792,-0.0094044,-0.093579,-0.26421,-0.57207
0.11567,0.13294,0.1434,0.14792,-0.056742,-0.047338,0.046242,0.31045
0.11744,0.13294,0.1434,0.14792,0.0017661,0.058508,0.10585,0.059604
0.17121,0.13294,0.1434,0.14792,0.053769,0.052002,-0.0065058,-0.11235
0.13025,0.13294,0.1434,0.14792,-0.040954,-0.094723,-0.14673,-0.14022
0.13011,0.13294,0.1434,0.14792,-0.00014058,0.040814,0.13554,0.28226
0.18421,0.16221,0.1658,0.15759,0.054099,0.05424,0.013426,-0.12211
0.16949,0.16221,0.1658,0.15759,-0.014719,-0.068818,-0.12306,-0.13648
0.16142,0.16221,0.1658,0.15759,-0.0080742,0.0066448,0.075463,0.19852
0.11481,0.16221,0.1658,0.15759,-0.046603,-0.038528,-0.045173,-0.12064
0.18113,0.16221,0.1658,0.15759,0.066317,0.11292,0.15145,0.19662
0.15652,0.16938,0.1658,0.15759,-0.02461,-0.090928,-0.20385,-0.3553
0.24268,0.16938,0.1658,0.15759,0.086156,0.11077,0.20169,0.40554
0.1383,0.16938,0.1658,0.15759,-0.10438,-0.19054,-0.3013,-0.503
0.14341,0.16938,0.1658,0.15759,0.005113,0.10949,0.30003,0.60133
0.16599,0.16938,0.1658,0.15759,0.022581,0.017468,-0.092025,-0.39205
0.17582,0.15348,0.14938,0.15759,0.0098323,-0.012749,-0.030217,0.061808
0.14717,0.15348,0.14938,0.15759,-0.028654,-0.038487,-0.025738,0.004479
0.1512,0.15348,0.14938,0.15759,0.0040329,0.032687,0.071174,0.096912
0.14655,0.15348,0.14938,0.15759,-0.004651,-0.008684,-0.041371,-0.11255
0.14667,0.15348,0.14938,0.15759,0.00011494,0.004766,0.01345,0.054821
0.1378,0.14528,0.14938,0.15759,-0.0088714,-0.0089863,-0.013752,-0.027202
0.11355,0.14528,0.14938,0.15759,-0.024242,-0.015371,-0.0063844,0.0073679
0.13755,0.14528,0.14938,0.15759,0.023993,0.048236,0.063606,0.069991
0.15493,0.14528,0.14938,0.15759,0.017383,-0.0066102,-0.054846,-0.11845
0.18257,0.14528,0.14938,0.15759,0.027643,0.01026,0.01687,0.071716
0.18333,0.17124,0.16282,0.16126,0.00076072,-0.026882,-0.037142,-0.054012
0.16544,0.17124,0.16282,0.16126,-0.017892,-0.018653,0.0082294,0.045372
0.1627,0.17124,0.16282,0.16126,-0.0027428,0.015149,0.033802,0.025573
0.16116,0.17124,0.16282,0.16126,-0.0015414,0.0012014,-0.013948,-0.04775
0.18359,0.17124,0.16282,0.16126,0.022437,0.023978,0.022777,0.036725
0.18725,0.1544,0.16282,0.16126,0.0036572,-0.018779,-0.042758,-0.065534
0.11709,0.1544,0.16282,0.16126,-0.070162,-0.07382,-0.05504,-0.012283
0.14925,0.1544,0.16282,0.16126,0.032165,0.10233,0.17615,0.23119
0.17557,0.1544,0.16282,0.16126,0.026319,-0.0058463,-0.10817,-0.28432
0.14286,0.1544,0.16282,0.16126,-0.032715,-0.059034,-0.053188,0.054986
0.14695,0.15166,0.1597,0.16126,0.0040963,0.036812,0.095846,0.14903
0.14786,0.15166,0.1597,0.16126,0.00090652,-0.0031897,-0.040001,-0.13585
0.16045,0.15166,0.1597,0.16126,0.012588,0.011681,0.014871,0.054872
0.12409,0.15166,0.1597,0.16126,-0.03636,-0.048948,-0.060629,-0.0755
0.17895,0.15166,0.1597,0.16126,0.05486,0.09122,0.14017,0.2008
0.20492,0.16774,0.1597,0.16126,0.025971,-0.028889,-0.12011,-0.26028
0.13944,0.16774,0.1597,0.16126,-0.065476,-0.091446,-0.062557,0.057552
0.15035,0.16774,0.1597,0.16126,0.010907,0.076383,0.16783,0.23039
0.20168,0.16774,0.1597,0.16126,0.051331,0.040424,-0.03596,-0.20379
0.14229,0.16774,0.1597,0.16126,-0.059388,-0.11072,-0.15114,-0.11518
0.15353,0.15426,0.15703,0.15934,0.011234,0.070623,0.18134,0.33248
0.095785,0.15426,0.15703,0.15934,-0.057742,-0.068976,-0.1396,-0.32094
0.16935,0.15426,0.15703,0.15934,0.073569,0.13131,0.20029,0.33989
0.16471,0.15426,0.15703,0.15934,-0.004649,-0.078218,-0.20953,-0.40982
0.18794,0.15426,0.15703,0.15934,0.023237,0.027886,0.1061,0.31563
0.15441,0.1598,0.15703,0.15934,-0.033531,-0.056769,-0.084655,-0.19076
0.19111,0.1598,0.15703,0.15934,0.036699,0.070231,0.127,0.21165
0.18257,0.1598,0.15703,0.15934,-0.0085385,-0.045238,-0.11547,-0.24247
0.11765,0.1598,0.15703,0.15934,-0.064926,-0.056387,-0.011149,0.10432
0.15326,0.1598,0.15703,0.15934,0.03561,0.10054,0.15692,0.16807
0.13158,0.14277,0.16166,0.15934,-0.021678,-0.057287,-0.15782,-0.31474
0.15948,0.14277,0.16166,0.15934,0.027904,0.049582,0.10687,0.26469
0.16935,0.14277,0.16166,0.15934,0.0098721,-0.018032,-0.067613,-0.17448
0.11523,0.14277,0.16166,0.15934,-0.054129,-0.064001,-0.045969,0.021644
0.13821,0.14277,0.16166,0.15934,0.022985,0.077114,0.14111,0.18708
0.16129,0.18054,0.16166,0.15934,0.023079,9.39E-05,-0.07702,-0.21813
0.13127,0.18054,0.16166,0.15934,-0.030016,-0.053095,-0.053189,0.023831
0.21399,0.18054,0.16166,0.15934,0.082718,0.11273,0.16583,0.21902
0.22594,0.18054,0.16166,0.15934,0.01195,-0.070768,-0.1835,-0.34933
0.17021,0.18054,0.16166,0.15934,-0.055729,-0.067678,0.0030897,0.18659
0.15789,0.14194,0.14636,0.151,-0.012318,0.043411,0.11109,0.108
0.13492,0.14194,0.14636,0.151,-0.022974,-0.010656,-0.054067,-0.16516
0.15481,0.14194,0.14636,0.151,0.019891,0.042865,0.053521,0.10759
0.11552,0.14194,0.14636,0.151,-0.039288,-0.059179,-0.10204,-0.15557
0.14655,0.14194,0.14636,0.151,0.031028,0.070317,0.1295,0.23154
0.17391,0.15078,0.14636,0.151,0.027361,-0.0036669,-0.073983,-0.20348
0.10931,0.15078,0.14636,0.151,-0.064601,-0.091963,-0.088296,-0.014312
0.1581,0.15078,0.14636,0.151,0.048791,0.11339,0.20535,0.29365
0.164,0.15078,0.14636,0.151,0.0058972,-0.042894,-0.15629,-0.36164
0.14859,0.15078,0.14636,0.151,-0.015406,-0.021303,0.021591,0.17788
0.16667,0.16492,0.15565,0.151,0.018072,0.033478,0.054781,0.03319
0.13253,0.16492,0.15565,0.151,-0.034137,-0.052209,-0.085687,-0.14047
0.18072,0.16492,0.15565,0.151,0.048193,0.082329,0.13454,0.22022
0.13636,0.16492,0.15565,0.151,-0.044359,-0.092552,-0.17488,-0.30942
0.20833,0.16492,0.15565,0.151,0.07197,0.11633,0.20888,0.38376
0.1681,0.14637,0.15565,0.151,-0.04023,-0.1122,-0.22853,-0.43741
0.14,0.14637,0.15565,0.151,-0.028103,0.012126,0.12433,0.35285
0.1015,0.14637,0.15565,0.151,-0.038496,-0.010393,-0.022519,-0.14685
0.16475,0.14637,0.15565,0.151,0.063247,0.10174,0.11214,0.13466
0.15748,0.14637,0.15565,0.151,-0.0072706,-0.070518,-0.17226,-0.2844
0.17857,0.16058,0.16011,0.16006,0.021091,0.028362,0.09888,0.27114
0.18107,0.16058,0.16011,0.16006,0.0024985,-0.018593,-0.046954,-0.14583
0.15948,0.16058,0.16011,0.16006,-0.021587,-0.024086,-0.0054931,0.041461
0.12791,0.16058,0.16011,0.16006,-0.031576,-0.0099886,0.014097,0.01959
0.15584,0.16058,0.16011,0.16006,0.027937,0.059513,0.069502,0.055404
0.095785,0.15965,0.16011,0.16006,-0.060059,-0.087996,-0.14751,-0.21701
0.15589,0.15965,0.16011,0.16006,0.060108,0.12017,0.20816,0.35567
0.20408,0.15965,0.16011,0.16006,0.048188,-0.01192,-0.13209,-0.34025
0.19342,0.15965,0.16011,0.16006,-0.010666,-0.058854,-0.046934,0.085153
0.14909,0.15965,0.16011,0.16006,-0.044325,-0.033659,0.025195,0.072129
0.12222,0.1512,0.16001,0.16006,-0.026869,0.017456,0.051115,0.025919
0.2069,0.1512,0.16001,0.16006,0.084674,0.11154,0.094087,0.042972
0.1551,0.1512,0.16001,0.16006,-0.051795,-0.13647,-0.24801,-0.3421
0.13653,0.1512,0.16001,0.16006,-0.018571,0.033224,0.16969,0.4177
0.13525,0.1512,0.16001,0.16006,-0.0012855,0.017285,-0.015939,-0.18563
0.17143,0.16883,0.16001,0.16006,0.036183,0.037468,0.020183,0.036122
0.16923,0.16883,0.16001,0.16006,-0.0021978,-0.03838,-0.075849,-0.096032
0.17778,0.16883,0.16001,0.16006,0.008547,0.010745,0.049125,0.12497
0.18391,0.16883,0.16001,0.16006,0.0061303,-0.0024167,-0.013162,-0.062287
0.14179,0.16883,0.16001,0.16006,-0.042117,-0.048247,-0.045831,-0.032669
0.19068,0.18135,0.1618,0.1562,0.048887,0.091004,0.13925,0.18508
0.21101,0.18135,0.1618,0.1562,0.020331,-0.028556,-0.11956,-0.25881
0.16592,0.18135,0.1618,0.1562,-0.04509,-0.065421,-0.036865,0.082694
0.14468,0.18135,0.1618,0.1562,-0.021238,0.023851,0.089273,0.12614
0.19444,0.18135,0.1618,0.1562,0.049764,0.071002,0.047151,-0.042122
0.11673,0.14225,0.1618,0.1562,-0.077713,-0.12748,-0.19848,-0.24563
0.10569,0.14225,0.1618,0.1562,-0.01104,0.066672,0.19415,0.39263
0.14346,0.14225,0.1618,0.1562,0.037769,0.048809,-0.017863,-0.21201
0.17742,0.14225,0.1618,0.1562,0.033959,-0.0038094,-0.052619,-0.034756
0.16797,0.14225,0.1618,0.1562,-0.0094506,-0.04341,-0.039601,0.013018
0.12453,0.15432,0.1506,0.1562,-0.04344,-0.03399,0.0094202,0.049021
0.128,0.15432,0.1506,0.1562,0.0034717,0.046912,0.080902,0.071482
0.20253,0.15432,0.1506,0.1562,0.074532,0.07106,0.024148,-0.056754
0.17241,0.15432,0.1506,0.1562,-0.030118,-0.10465,-0.17571,-0.19986
0.14414,0.15432,0.1506,0.1562,-0.02827,0.0018482,0.1065,0.28221
0.14552,0.14688,0.1506,0.1562,0.0013782,0.029648,0.0278,-0.078698
0.16105,0.14688,0.1506,0.1562,0.015526,0.014148,-0.0155,-0.0433
0.10684,0.14688,0.1506,0.1562,-0.054211,-0.069737,-0.083885,-0.068386
0.16935,0.14688,0.1506,0.1562,0.062517,0.11673,0.18647,0.27035
0.15166,0.14688,0.1506,0.1562,-0.017696,-0.080213,-0.19694,-0.38341
0.15726,0.15565,0.15967,0.15836,0.0055993,0.023295,0.10351,0.30045
0.15891,0.15565,0.15967,0.15836,0.0016567,-0.0039426,-0.027238,-0.13075
0.15525,0.15565,0.15967,0.15836,-0.0036636,-0.0053203,-0.0013776,0.02586
0.16594,0.15565,0.15967,0.15836,0.010688,0.014351,0.019672,0.021049
0.14089,0.15565,0.15967,0.15836,-0.025045,-0.035733,-0.050084,-0.069756
0.12595,0.16368,0.15967,0.15836,-0.014939,0.010106,0.045839,0.095924
0.20172,0.16368,0.15967,0.15836,0.075763,0.090702,0.080596,0.034756
0.16187,0.16368,0.15967,0.15836,-0.039846,-0.11561,-0.20631,-0.28691
0.16917,0.16368,0.15967,0.15836,0.0073024,0.047149,0.16276,0.36907
0.1597,0.16368,0.15967,0.15836,-0.0094771,-0.01678,-0.063928,-0.22669
0.13359,0.16857,0.15704,0.15836,-0.026108,-0.016631,0.00014863,0.064077
0.20921,0.16857,0.15704,0.15836,0.075617,0.10173,0.11836,0.11821
0.22414,0.16857,0.15704,0.15836,0.014933,-0.060684,-0.16241,-0.28077
0.13359,0.16857,0.15704,0.15836,-0.09055,-0.10548,-0.044799,0.11761
0.14231,0.16857,0.15704,0.15836,0.0087199,0.09927,0.20475,0.24955
0.16194,0.14552,0.15704,0.15836,0.019636,0.010916,-0.088354,-0.29311
0.13043,0.14552,0.15704,0.15836,-0.031509,-0.051144,-0.06206,0.026294
0.14388,0.14552,0.15704,0.15836,0.01345,0.044959,0.096103,0.15816
0.13636,0.14552,0.15704,0.15836,-0.0075213,-0.020971,-0.06593,-0.16203
0.15498,0.14552,0.15704,0.15836,0.018618,0.026139,0.047111,0.11304
0.11439,0.15037,0.15588,0.14751,-0.04059,-0.059208,-0.085347,-0.13246
0.17769,0.15037,0.15588,0.14751,0.063295,0.10389,0.16309,0.24844
0.15849,0.15037,0.15588,0.14751,-0.019195,-0.08249,-0.18638,-0.34947
0.13986,0.15037,0.15588,0.14751,-0.01863,0.00056496,0.083055,0.26943
0.16142,0.15037,0.15588,0.14751,0.021557,0.040188,0.039623,-0.043432
0.14,0.16139,0.15588,0.14751,-0.021417,-0.042975,-0.083162,-0.12278
0.168,0.16139,0.15588,0.14751,0.028,0.049417,0.092392,0.17555
0.15356,0.16139,0.15588,0.14751,-0.014442,-0.042442,-0.091859,-0.18425
0.18868,0.16139,0.15588,0.14751,0.035121,0.049563,0.092005,0.18386
0.15672,0.16139,0.15588,0.14751,-0.031963,-0.067084,-0.11665,-0.20865
0.12928,0.14108,0.13915,0.14751,-0.027439,0.004524,0.071608,0.18826
0.13566,0.14108,0.13915,0.14751,0.0063813,0.03382,0.029296,-0.042312
0.15589,0.14108,0.13915,0.14751,0.020235,0.013853,-0.019967,-0.049263
0.1417,0.14108,0.13915,0.14751,-0.014193,-0.034428,-0.048281,-0.028314
0.14286,0.14108,0.13915,0.14751,0.0011567,0.01535,0.049778,0.098059
0.12903,0.13721,0.13915,0.14751,-0.013825,-0.014982,-0.030331,-0.080109
0.14231,0.13721,0.13915,0.14751,0.013275,0.0271,0.042082,0.072413
0.13962,0.13721,0.13915,0.14751,-0.0026851,-0.01596,-0.043061,-0.085143
0.1338,0.13721,0.13915,0.14751,-0.0058198,-0.0031348,0.012826,0.055887
0.1413,0.13721,0.13915,0.14751,0.0075015,0.013321,0.016456,0.0036304
0.11832,0.13708,0.14408,0.14944,-0.022984,-0.030485,-0.043807,-0.060263
0.12648,0.13708,0.14408,0.14944,0.0081616,0.031145,0.061631,0.10544
0.16154,0.13708,0.14408,0.14944,0.035056,0.026895,-0.0042507,-0.065881
0.16412,0.13708,0.14408,0.14944,0.0025837,-0.032473,-0.059367,-0.055117
0.11494,0.13708,0.14408,0.14944,-0.04918,-0.051763,-0.019291,0.040077
0.11896,0.15108,0.14408,0.14944,0.0040166,0.053196,0.10496,0.12425
0.12121,0.15108,0.14408,0.14944,0.002253,-0.0017636,-0.05496,-0.15992
0.17164,0.15108,0.14408,0.14944,0.05043,0.048177,0.04994,0.1049
0.19742,0.15108,0.14408,0.14944,0.025783,-0.024647,-0.072823,-0.12276
0.14615,0.15108,0.14408,0.14944,-0.051271,-0.077054,-0.052408,0.020416
0.14235,0.14465,0.15481,0.14944,-0.0038051,0.047466,0.12452,0.17693
0.14126,0.14465,0.15481,0.14944,-0.0010848,0.0027203,-0.044746,-0.16927
0.16049,0.14465,0.15481,0.14944,0.01923,0.020315,0.017594,0.06234
0.14885,0.14465,0.15481,0.14944,-0.011639,-0.030869,-0.051183,-0.068778
0.13027,0.14465,0.15481,0.14944,-0.018587,-0.0069479,0.023921,0.075104
0.17814,0.16496,0.15481,0.14944,0.047869,0.066456,0.073404,0.049483
0.19028,0.16496,0.15481,0.14944,0.012146,-0.035724,-0.10218,-0.17558
0.16974,0.16496,0.15481,0.14944,-0.020542,-0.032687,0.0030363,0.10522
0.12635,0.16496,0.15481,0.14944,-0.043388,-0.022846,0.0098413,0.006805
0.16031,0.16496,0.15481,0.14944,0.033952,0.077339,0.10019,0.090344
0.11745,0.16433,0.16226,0.15873,-0.042856,-0.076807,-0.15415,-0.25433
0.159,0.16433,0.16226,0.15873,0.041546,0.084402,0.16121,0.31536
0.18352,0.16433,0.16226,0.15873,0.024525,-0.017021,-0.10142,-0.26263
0.17121,0.16433,0.16226,0.15873,-0.012314,-0.036839,-0.019818,0.081605
0.19048,0.16433,0.16226,0.15873,0.01927,0.031584,0.068423,0.088241
0.14615,0.1602,0.16226,0.15873,-0.044322,-0.063592,-0.095177,-0.1636
0.16484,0.1602,0.16226,0.15873,0.018681,0.063004,0.1266,0.22177
0.12162,0.1602,0.16226,0.15873,-0.043214,-0.061895,-0.1249,-0.25149
0.19835,0.1602,0.16226,0.15873,0.076725,0.11994,0.18183,0.30673
0.17004,0.1602,0.16226,0.15873,-0.028307,-0.10503,-0.22497,-0.40681
0.20599,0.16179,0.15519,0.15873,0.035952,0.064259,0.16929,0.39426
0.1711,0.16179,0.15519,0.15873,-0.03489,-0.070842,-0.1351,-0.30439
0.14672,0.16179,0.15519,0.15873,-0.024385,0.010505,0.081347,0.21645
0.156,0.16179,0.15519,0.15873,0.0092819,0.033666,0.023161,-0.058186
0.12915,0.16179,0.15519,0.15873,-0.026849,-0.036131,-0.069797,-0.092958
0.14815,0.14859,0.15519,0.15873,0.018997,0.045846,0.081976,0.15177
0.13523,0.14859,0.15519,0.15873,-0.012917,-0.031914,-0.077759,-0.15974
0.17949,0.14859,0.15519,0.15873,0.044256,0.057173,0.089086,0.16685
0.13669,0.14859,0.15519,0.15873,-0.042797,-0.087052,-0.14423,-0.23331
0.14338,0.14859,0.15519,0.15873,0.0066917,0.049488,0.13654,0.28077
0.15771,0.15864,0.15912,0.15893,0.014324,0.007632,-0.041856,-0.1784
0.14079,0.15864,0.15912,0.15893,-0.016912,-0.031236,-0.038868,0.0029886
0.17155,0.15864,0.15912,0.15893,0.030754,0.047666,0.078901,0.11777
0.17754,0.15864,0.15912,0.15893,0.0059881,-0.024766,-0.072432,-0.15133
0.14559,0.15864,0.15912,0.15893,-0.031942,-0.03793,-0.013165,0.059267
0.15613,0.15959,0.15912,0.15893,0.01054,0.042482,0.080413,0.093577
0.13333,0.15959,0.15912,0.15893,-0.0228,-0.03334,-0.075823,-0.15624
0.16183,0.15959,0.15912,0.15893,0.028492,0.051293,0.084633,0.16046
0.16596,0.15959,0.15912,0.15893,0.0041317,-0.024361,-0.075654,-0.16029
0.18072,0.15959,0.15912,0.15893,0.014765,0.010634,0.034994,0.11065
0.16929,0.15971,0.15875,0.15893,-0.011432,-0.026197,-0.036831,-0.071825
0.17818,0.15971,0.15875,0.15893,0.0088905,0.020322,0.046519,0.08335
0.16342,0.15971,0.15875,0.15893,-0.014758,-0.023648,-0.04397,-0.090489
0.15409,0.15971,0.15875,0.15893,-0.0093361,0.0054216,0.02907,0.07304
0.13359,0.15971,0.15875,0.15893,-0.0205,-0.011164,-0.016586,-0.045656
0.1581,0.15779,0.15875,0.15893,0.024515,0.045015,0.056179,0.072765
0.17045,0.15779,0.15875,0.15893,0.012352,-0.012163,-0.057178,-0.11336
0.16245,0.15779,0.15875,0.15893,-0.0079997,-0.020351,-0.0081882,0.04899
0.14552,0.15779,0.15875,0.15893,-0.016932,-0.0089328,0.011419,0.019607
0.15242,0.15779,0.15875,0.15893,0.006894,0.023826,0.032759,0.021341
0.14773,0.15081,0.15036,0.15236,-0.0046891,-0.011583,-0.03541,-0.068169
0.1558,0.15081,0.15036,0.15236,0.0080698,0.012759,0.024342,0.059751
0.13929,0.15081,0.15036,0.15236,-0.016511,-0.024581,-0.03734,-0.061682
0.13433,0.15081,0.15036,0.15236,-0.0049574,0.011554,0.036135,0.073475
0.1769,0.15081,0.15036,0.15236,0.042567,0.047524,0.03597,-0.00016497
0.15636,0.14992,0.15036,0.15236,-0.020532,-0.063099,-0.11062,-0.14659
0.1049,0.14992,0.15036,0.15236,-0.051469,-0.030937,0.032162,0.14278
0.16279,0.14992,0.15036,0.15236,0.057896,0.10936,0.1403,0.10814
0.16319,0.14992,0.15036,0.15236,0.00040375,-0.057492,-0.16686,-0.30716
0.16236,0.14992,0.15036,0.15236,-0.00083282,-0.0012366,0.056255,0.22311
0.13095,0.16074,0.15435,0.15236,-0.031409,-0.030576,-0.02934,-0.085595
0.17814,0.16074,0.15435,0.15236,0.047185,0.078595,0.10917,0.13851
0.18491,0.16074,0.15435,0.15236,0.006768,-0.040417,-0.11901,-0.22818
0.16102,0.16074,0.15435,0.15236,-0.023889,-0.030657,0.0097605,0.12877
0.1487,0.16074,0.15435,0.15236,-0.012318,0.011571,0.042227,0.032467
0.1635,0.14796,0.15435,0.15236,0.014799,0.027117,0.015547,-0.026681
0.15603,0.14796,0.15435,0.15236,-0.0074697,-0.022269,-0.049386,-0.064933
0.12851,0.14796,0.15435,0.15236,-0.027514,-0.020045,0.0022244,0.051611
0.11236,0.14796,0.15435,0.15236,-0.016155,0.01136,0.031404,0.02918
0.17939,0.14796,0.15435,0.15236,0.06703,0.083184,0.071824,0.04042
0.20307,0.15063,0.15543,0.15465,0.023676,-0.043354,-0.12654,-0.19836
0.1551,0.15063,0.15543,0.15465,-0.047963,-0.071639,-0.028285,0.098253
0.13208,0.15063,0.15543,0.15465,-0.023027,0.024937,0.096575,0.12486
0.12957,0.15063,0.15543,0.15465,-0.0025074,0.020519,-0.0044173,-0.10099
0.13333,0.15063,0.15543,0.15465,0.0037652,0.0062726,-0.014247,-0.0098293
0.1457,0.16023,0.15543,0.15465,0.012362,0.0085968,0.0023242,0.016571
0.1748,0.16023,0.15543,0.15465,0.029101,0.016739,0.0081425,0.0058183
0.16216,0.16023,0.15543,0.15465,-0.012635,-0.041736,-0.058475,-0.066618
0.18148,0.16023,0.15543,0.15465,0.019319,0.031954,0.07369,0.13217
0.13704,0.16023,0.15543,0.15465,-0.044444,-0.063764,-0.095718,-0.16941
0.16846,0.15262,0.15387,0.15465,0.031422,0.075866,0.13963,0.23535
0.13571,0.15262,0.15387,0.15465,-0.032744,-0.064166,-0.14003,-0.27966
0.15356,0.15262,0.15387,0.15465,0.017844,0.050588,0.11475,0.25479
0.13483,0.15262,0.15387,0.15465,-0.018727,-0.03657,-0.087159,-0.20191
0.17054,0.15262,0.15387,0.15465,0.035711,0.054438,0.091008,0.17817
0.1162,0.15513,0.15387,0.15465,-0.054345,-0.090057,-0.14449,-0.2355
0.14717,0.15513,0.15387,0.15465,0.030973,0.085318,0.17537,0.31987
0.20472,0.15513,0.15387,0.15465,0.057555,0.026582,-0.058736,-0.23411
0.16974,0.15513,0.15387,0.15465,-0.034983,-0.092537,-0.11912,-0.060383
0.13781,0.15513,0.15387,0.15465,-0.031933,0.0030502,0.095588,0.21471
0.19758,0.1572,0.16198,0.15425,0.059771,0.091704,0.088654,-0.0069337
0.15164,0.1572,0.16198,0.15425,-0.045941,-0.10571,-0.19742,-0.28607
0.15985,0.1572,0.16198,0.15425,0.008212,0.054153,0.15987,0.35728
0.14336,0.1572,0.16198,0.15425,-0.016495,-0.024707,-0.07886,-0.23873
0.13357,0.1572,0.16198,0.15425,-0.0097826,0.006712,0.031419,0.11028
0.18,0.16676,0.16198,0.15425,0.046426,0.056209,0.049497,0.018078
0.18182,0.16676,0.16198,0.15425,0.0018182,-0.044608,-0.10082,-0.15031
0.15663,0.16676,0.16198,0.15425,-0.025192,-0.02701,0.017598,0.11841
0.18118,0.16676,0.16198,0.15425,0.024558,0.04975,0.07676,0.059162
0.13415,0.16676,0.16198,0.15425,-0.047038,-0.071596,-0.12135,-0.19811
0.11808,0.14636,0.14652,0.15425,-0.016065,0.030973,0.10257,0.22392
0.12205,0.14636,0.14652,0.15425,0.0039661,0.020031,-0.010942,-0.11351
0.14394,0.14636,0.14652,0.15425,0.021892,0.017926,-0.0021051,0.0088368
0.1903,0.14636,0.14652,0.15425,0.046359,0.024467,0.0065409,0.008646
0.15745,0.14636,0.14652,0.15425,-0.032852,-0.079211,-0.10368,-0.11022
0.16154,0.14667,0.14652,0.15425,0.0040917,0.036943,0.11615,0.21983
0.12585,0.14667,0.14652,0.15425,-0.035688,-0.03978,-0.076723,-0.19288
0.17949,0.14667,0.14652,0.15425,0.053637,0.089325,0.1291,0.20583
0.11538,0.14667,0.14652,0.15425,-0.064103,-0.11774,-0.20706,-0.33617
0.15108,0.14667,0.14652,0.15425,0.035695,0.099797,0.21754,0.4246
0.14286,0.14293,0.15603,0.15699,-0.008222,-0.043917,-0.14371,-0.36125
0.14231,0.14293,0.15603,0.15699,-0.00054945,0.0076725,0.051589,0.1953
0.12364,0.14293,0.15603,0.15699,-0.018671,-0.018122,-0.025794,-0.077383
0.144,0.14293,0.15603,0.15699,0.020364,0.039035,0.057157,0.082951
0.16183,0.14293,0.15603,0.15699,0.017826,-0.0025379,-0.041573,-0.09873
0.22222,0.16914,0.15603,0.15699,0.060396,0.042571,0.045109,0.086682
0.12546,0.16914,0.15603,0.15699,-0.096761,-0.15716,-0.19973,-0.24484
0.17666,0.16914,0.15603,0.15699,0.051195,0.14796,0.30511,0.50484
0.17308,0.16914,0.15603,0.15699,-0.0035792,-0.054774,-0.20273,-0.50784
0.14828,0.16914,0.15603,0.15699,-0.024801,-0.021222,0.033552,0.23628
0.17213,0.16007,0.15794,0.15699,0.023855,0.048656,0.069878,0.036326
0.1573,0.16007,0.15794,0.15699,-0.014828,-0.038683,-0.087339,-0.15722
0.13636,0.16007,0.15794,0.15699,-0.02094,-0.006112,0.032571,0.11991
0.17761,0.16007,0.15794,0.15699,0.041243,0.062182,0.068294,0.035723
0.15693,0.16007,0.15794,0.15699,-0.020672,-0.061914,-0.1241,-0.19239
0.14022,0.15582,0.15794,0.15699,-0.016713,0.003959,0.065873,0.18997
0.1583,0.15582,0.15794,0.15699,0.01808,0.034793,0.030834,-0.03504
0.17343,0.15582,0.15794,0.15699,0.015131,-0.0029492,-0.037742,-0.068576
0.15328,0.15582,0.15794,0.15699,-0.020147,-0.035278,-0.032328,0.0054134
0.15385,0.15582,0.15794,0.15699,0.00056148,0.020709,0.055986,0.088315
0.13546,0.13991,0.14742,0.15553,-0.018388,-0.018949,-0.039658,-0.095644
0.1107,0.13991,0.14742,0.15553,-0.024757,-0.0063691,0.01258,0.052238
0.18147,0.13991,0.14742,0.15553,0.070766,0.095523,0.10189,0.089312
0.157,0.13991,0.14742,0.15553,-0.024471,-0.095237,-0.19076,-0.29265
0.11494,0.13991,0.14742,0.15553,-0.042054,-0.017583,0.077653,0.26841
0.12692,0.15492,0.14742,0.15553,0.011981,0.054035,0.071618,-0.0060351
0.12287,0.15492,0.14742,0.15553,-0.0040562,-0.016037,-0.070071,-0.14169
0.13475,0.15492,0.14742,0.15553,0.011885,0.015941,0.031978,0.10205
0.2093,0.15492,0.14742,0.15553,0.074551,0.062666,0.046725,0.014747
0.18077,0.15492,0.14742,0.15553,-0.028533,-0.10308,-0.16575,-0.21247
0.16254,0.16155,0.16363,0.15553,-0.018225,0.010308,0.11339,0.27914
0.13074,0.16155,0.16363,0.15553,-0.031802,-0.013577,-0.023885,-0.13728
0.16535,0.16155,0.16363,0.15553,0.034612,0.066414,0.079991,0.10388
0.16187,0.16155,0.16363,0.15553,-0.0034838,-0.038096,-0.10451,-0.1845
0.18725,0.16155,0.16363,0.15553,0.02538,0.028864,0.06696,0.17147
0.16532,0.16572,0.16363,0.15553,-0.021928,-0.047309,-0.076173,-0.14313
0.20906,0.16572,0.16363,0.15553,0.043737,0.065665,0.11297,0.18915
0.15693,0.16572,0.16363,0.15553,-0.052125,-0.095862,-0.16153,-0.2745
0.15789,0.16572,0.16363,0.15553,0.00096043,0.053085,0.14895,0.31047
0.13937,0.16572,0.16363,0.15553,-0.018522,-0.019482,-0.072568,-0.22151
0.10224,0.12567,0.12911,0.13818,-0.037136,-0.018614,0.00086786,0.073436
0.11923,0.12567,0.12911,0.13818,0.016994,0.054131,0.072745,0.071877
0.14523,0.12567,0.12911,0.13818,0.025997,0.0090031,-0.045128,-0.11787
0.12371,0.12567,0.12911,0.13818,-0.021517,-0.047514,-0.056517,-0.01139
0.13793,0.12567,0.12911,0.13818,0.01422,0.035737,0.083251,0.13977
0.13187,0.13256,0.12911,0.13818,-0.0060629,-0.020283,-0.056019,-0.13927
0.14015,0.13256,0.12911,0.13818,0.0082834,0.014346,0.034629,0.090648
0.15714,0.13256,0.12911,0.13818,0.016991,0.008708,-0.0056383,-0.040267
0.10385,0.13256,0.12911,0.13818,-0.053297,-0.070288,-0.078996,-0.073358
0.12977,0.13256,0.12911,0.13818,0.025925,0.079222,0.14951,0.22851
0.11373,0.14398,0.14725,0.13818,-0.016046,-0.04197,-0.12119,-0.2707
0.14167,0.14398,0.14725,0.13818,0.027941,0.043987,0.085957,0.20715
0.09772,0.14398,0.14725,0.13818,-0.043947,-0.071888,-0.11587,-0.20183
0.15827,0.14398,0.14725,0.13818,0.060554,0.1045,0.17639,0.29226
0.20849,0.14398,0.14725,0.13818,0.050221,-0.010333,-0.11483,-0.29122
0.15358,0.15053,0.14725,0.13818,-0.054911,-0.10513,-0.094799,0.020034
0.19173,0.15053,0.14725,0.13818,0.038146,0.093056,0.19819,0.29299
0.080537,0.15053,0.14725,0.13818,-0.11119,-0.14934,-0.24239,-0.44058
0.14498,0.15053,0.14725,0.13818,0.064445,0.17564,0.32498,0.56737
0.18182,0.15053,0.14725,0.13818,0.036837,-0.027608,-0.20324,-0.52822
0.16475,0.15848,0.15473,0.15004,-0.017067,-0.053904,-0.026296,0.17695
0.13333,0.15848,0.15473,0.15004,-0.031418,-0.01435,0.039554,0.06585
0.20816,0.15848,0.15473,0.15004,0.07483,0.10625,0.1206,0.081044
0.11314,0.15848,0.15473,0.15004,-0.095025,-0.16985,-0.2761,-0.3967
0.173,0.15848,0.15473,0.15004,0.059857,0.15488,0.32474,0.60084
0.13014,0.15099,0.15473,0.15004,-0.042859,-0.10272,-0.2576,-0.58233
0.1324,0.15099,0.15473,0.15004,0.0022672,0.045126,0.14784,0.40544
0.15116,0.15099,0.15473,0.15004,0.018759,0.016491,-0.028635,-0.17648
0.14346,0.15099,0.15473,0.15004,-0.0077029,-0.026461,-0.042953,-0.014318
0.19776,0.15099,0.15473,0.15004,0.054301,0.062004,0.088466,0.13142
0.12111,0.14966,0.14536,0.15004,-0.076654,-0.13096,-0.19296,-0.28142
0.15116,0.14966,0.14536,0.15004,0.030056,0.10671,0.23766,0.43062
0.15129,0.14966,0.14536,0.15004,0.00012872,-0.029927,-0.13664,-0.3743
0.11579,0.14966,0.14536,0.15004,-0.035502,-0.035631,-0.005704,0.13093
0.20896,0.14966,0.14536,0.15004,0.093166,0.12867,0.1643,0.17
0.12548,0.14105,0.14536,0.15004,-0.08348,-0.17665,-0.30531,-0.46961
0.19835,0.14105,0.14536,0.15004,0.072872,0.15635,0.333,0.63831
0.13841,0.14105,0.14536,0.15004,-0.059939,-0.13281,-0.28916,-0.62216
0.10425,0.14105,0.14536,0.15004,-0.034161,0.025778,0.15859,0.44775
0.13879,0.14105,0.14536,0.15004,0.034543,0.068704,0.042927,-0.11566
0.14694,0.14962,0.15369,0.14942,0.0081487,-0.026394,-0.095098,-0.13802
0.14909,0.14962,0.15369,0.14942,0.0021521,-0.0059966,0.020398,0.1155
0.16797,0.14962,0.15369,0.14942,0.018878,0.016726,0.022722,0.0023247
0.11864,0.14962,0.15369,0.14942,-0.049325,-0.068203,-0.084928,-0.10765
0.16547,0.14962,0.15369,0.14942,0.046824,0.096148,0.16435,0.24928
0.18081,0.15776,0.15369,0.14942,0.015344,-0.031479,-0.12763,-0.29198
0.12544,0.15776,0.15369,0.14942,-0.055376,-0.07072,-0.039241,0.088387
0.12544,0.15776,0.15369,0.14942,0,0.055376,0.1261,0.16534
0.20385,0.15776,0.15369,0.14942,0.078411,0.078411,0.023034,-0.10306
0.15326,0.15776,0.15369,0.14942,-0.050589,-0.129,-0.20741,-0.23045
0.10227,0.13995,0.14516,0.14942,-0.050984,-0.00039453,0.12861,0.33602
0.14189,0.13995,0.14516,0.14942,0.039619,0.090603,0.090998,-0.037608
0.21667,0.13995,0.14516,0.14942,0.074775,0.035156,-0.055448,-0.14645
0.098901,0.13995,0.14516,0.14942,-0.11777,-0.19254,-0.2277,-0.17225
0.14,0.13995,0.14516,0.14942,0.041099,0.15886,0.3514,0.5791
0.14478,0.15037,0.14516,0.14942,0.0047811,-0.036318,-0.19518,-0.54659
0.1476,0.15037,0.14516,0.14942,0.0028203,-0.0019608,0.034357,0.22954
0.13309,0.15037,0.14516,0.14942,-0.014508,-0.017328,-0.015367,-0.049724
0.15385,0.15037,0.14516,0.14942,0.020753,0.035261,0.052589,0.067956
0.17255,0.15037,0.14516,0.14942,0.018703,-0.0020498,-0.03731,-0.089899
0.14844,0.1446,0.15442,0.15744,-0.024112,-0.042814,-0.040765,-0.0034543
0.13523,0.1446,0.15442,0.15744,-0.013206,0.010905,0.05372,0.094484
0.16014,0.1446,0.15442,0.15744,0.024911,0.038117,0.027212,-0.026508
0.13688,0.1446,0.15442,0.15744,-0.02326,-0.048171,-0.086288,-0.1135
0.14231,0.1446,0.15442,0.15744,0.0054256,0.028686,0.076857,0.16315
0.17407,0.16423,0.15442,0.15744,0.031766,0.026341,-0.002345,-0.079202
0.13208,0.16423,0.15442,0.15744,-0.041999,-0.073765,-0.10011,-0.097761
0.16296,0.16423,0.15442,0.15744,0.030887,0.072886,0.14665,0.24676
0.15612,0.16423,0.15442,0.15744,-0.0068448,-0.037732,-0.11062,-0.25727
0.19592,0.16423,0.15442,0.15744,0.0398,0.046645,0.084377,0.195
0.15175,0.16112,0.16046,0.15744,-0.044167,-0.083968,-0.13061,-0.21499
0.1626,0.16112,0.16046,0.15744,0.010851,0.055018,0.13899,0.2696
0.21033,0.16112,0.16046,0.15744,0.04773,0.03688,-0.018138,-0.15712
0.16598,0.16112,0.16046,0.15744,-0.044357,-0.092087,-0.12897,-0.11083
0.11494,0.16112,0.16046,0.15744,-0.051033,-0.0066756,0.085412,0.21438
0.15809,0.15981,0.16046,0.15744,0.043146,0.094178,0.10085,0.015442
0.15748,0.15981,0.16046,0.15744,-0.00060792,-0.043754,-0.13793,-0.23879
0.16064,0.15981,0.16046,0.15744,0.0031623,0.0037702,0.047524,0.18546
0.1751,0.15981,0.16046,0.15744,0.014455,0.011292,0.0075223,-0.040002
0.14773,0.15981,0.16046,0.15744,-0.02737,-0.041825,-0.053117,-0.060639