,CVR,Click,Time
1970-01-02 00:00:00,0.16129032258064516,248.0,1970-01-02 00:00:00
1970-01-02 00:01:00,0.09818181818181818,275.0,1970-01-02 00:01:00
1970-01-02 00:02:00,0.10661764705882353,272.0,1970-01-02 00:02:00
1970-01-02 00:03:00,0.12639405204460966,269.0,1970-01-02 00:03:00
1970-01-02 00:04:00,0.13026819923371646,261.0,1970-01-02 00:04:00
1970-01-02 00:05:00,0.11721611721611722,273.0,1970-01-02 00:05:00
1970-01-02 00:06:00,0.125,248.0,1970-01-02 00:06:00
1970-01-02 00:07:00,0.1111111111111111,261.0,1970-01-02 00:07:00
1970-01-02 00:08:00,0.13405797101449277,276.0,1970-01-02 00:08:00
1970-01-02 00:09:00,0.12544802867383512,279.0,1970-01-02 00:09:00
1970-01-02 00:10:00,0.14937759336099585,241.0,1970-01-02 00:10:00
1970-01-02 00:11:00,0.12142857142857143,280.0,1970-01-02 00:11:00
1970-01-02 00:12:00,0.12544802867383512,279.0,1970-01-02 00:12:00
1970-01-02 00:13:00,0.1811320754716981,265.0,1970-01-02 00:13:00
1970-01-02 00:14:00,0.13138686131386862,274.0,1970-01-02 00:14:00
1970-01-02 00:15:00,0.11971830985915492,284.0,1970-01-02 00:15:00
1970-01-02 00:16:00,0.1282051282051282,273.0,1970-01-02 00:16:00
1970-01-02 00:17:00,0.1520912547528517,263.0,1970-01-02 00:17:00
1970-01-02 00:18:00,0.1310344827586207,290.0,1970-01-02 00:18:00
1970-01-02 00:19:00,0.09876543209876543,243.0,1970-01-02 00:19:00
1970-01-02 00:20:00,0.12840466926070038,257.0,1970-01-02 00:20:00
1970-01-02 00:21:00,0.15725806451612903,248.0,1970-01-02 00:21:00
1970-01-02 00:22:00,0.15413533834586465,266.0,1970-01-02 00:22:00
1970-01-02 00:23:00,0.0959409594095941,271.0,1970-01-02 00:23:00
1970-01-02 00:24:00,0.1,280.0,1970-01-02 00:24:00
1970-01-02 00:25:00,0.0912863070539419,241.0,1970-01-02 00:25:00
1970-01-02 00:26:00,0.11494252873563218,261.0,1970-01-02 00:26:00
1970-01-02 00:27:00,0.10561056105610561,303.0,1970-01-02 00:27:00
1970-01-02 00:28:00,0.10580204778156997,293.0,1970-01-02 00:28:00
1970-01-02 00:29:00,0.14741035856573706,251.0,1970-01-02 00:29:00
1970-01-02 00:30:00,0.15355805243445692,267.0,1970-01-02 00:30:00
1970-01-02 00:31:00,0.09252669039145907,281.0,1970-01-02 00:31:00
1970-01-02 00:32:00,0.15384615384615385,247.0,1970-01-02 00:32:00
1970-01-02 00:33:00,0.0989010989010989,273.0,1970-01-02 00:33:00
1970-01-02 00:34:00,0.11764705882352941,255.0,1970-01-02 00:34:00
1970-01-02 00:35:00,0.11851851851851852,270.0,1970-01-02 00:35:00
1970-01-02 00:36:00,0.12,275.0,1970-01-02 00:36:00
1970-01-02 00:37:00,0.13008130081300814,246.0,1970-01-02 00:37:00
1970-01-02 00:38:00,0.11846689895470383,287.0,1970-01-02 00:38:00
1970-01-02 00:39:00,0.1111111111111111,234.0,1970-01-02 00:39:00
1970-01-02 00:40:00,0.1556420233463035,,1970-01-02 00:40:00
1970-01-02 00:41:00,0.12452830188679245,,1970-01-02 00:41:00
1970-01-02 00:42:00,0.0948905109489051,,1970-01-02 00:42:00
1970-01-02 00:43:00,0.11895910780669144,,1970-01-02 00:43:00
1970-01-02 00:44:00,0.14122137404580154,,1970-01-02 00:44:00
1970-01-02 00:45:00,0.09795918367346938,,1970-01-02 00:45:00
1970-01-02 00:46:00,0.16129032258064516,,1970-01-02 00:46:00
1970-01-02 00:47:00,0.13095238095238096,,1970-01-02 00:47:00
1970-01-02 00:48:00,0.12363636363636364,,1970-01-02 00:48:00
1970-01-02 00:49:00,0.1263537906137184,,1970-01-02 00:49:00
1970-01-02 00:50:00,0.1213235294117647,,1970-01-02 00:50:00
1970-01-02 00:51:00,0.10561056105610561,,1970-01-02 00:51:00
1970-01-02 00:52:00,0.1387900355871886,,1970-01-02 00:52:00
1970-01-02 00:53:00,0.11272727272727273,,1970-01-02 00:53:00
1970-01-02 00:54:00,0.10507246376811594,,1970-01-02 00:54:00
1970-01-02 00:55:00,0.11152416356877323,,1970-01-02 00:55:00
1970-01-02 00:56:00,0.09053497942386832,,1970-01-02 00:56:00
1970-01-02 00:57:00,0.16015625,,1970-01-02 00:57:00
1970-01-02 00:58:00,0.12878787878787878,,1970-01-02 00:58:00
1970-01-02 00:59:00,0.13059701492537312,,1970-01-02 00:59:00
1970-01-02 01:00:00,0.12260536398467432,,1970-01-02 01:00:00
1970-01-02 01:01:00,0.18532818532818532,,1970-01-02 01:01:00
1970-01-02 01:02:00,0.16182572614107885,,1970-01-02 01:02:00
1970-01-02 01:03:00,0.16793893129770993,,1970-01-02 01:03:00
1970-01-02 01:04:00,0.16101694915254236,,1970-01-02 01:04:00
1970-01-02 01:05:00,0.1417910447761194,,1970-01-02 01:05:00
1970-01-02 01:06:00,0.11885245901639344,,1970-01-02 01:06:00
1970-01-02 01:07:00,0.10964912280701754,,1970-01-02 01:07:00
1970-01-02 01:08:00,0.109375,,1970-01-02 01:08:00
1970-01-02 01:09:00,0.10583941605839416,,1970-01-02 01:09:00
1970-01-02 01:10:00,0.17105263157894737,,1970-01-02 01:10:00
1970-01-02 01:11:00,0.13385826771653545,,1970-01-02 01:11:00
1970-01-02 01:12:00,0.09454545454545454,,1970-01-02 01:12:00
1970-01-02 01:13:00,0.15503875968992248,,1970-01-02 01:13:00
1970-01-02 01:14:00,0.1524163568773234,,1970-01-02 01:14:00
1970-01-02 01:15:00,0.1638655462184874,,1970-01-02 01:15:00
1970-01-02 01:16:00,0.1285140562248996,,1970-01-02 01:16:00
1970-01-02 01:17:00,0.14345991561181434,,1970-01-02 01:17:00
1970-01-02 01:18:00,0.13253012048192772,,1970-01-02 01:18:00
1970-01-02 01:19:00,0.1518987341772152,,1970-01-02 01:19:00
1970-01-02 01:20:00,0.12598425196850394,,1970-01-02 01:20:00
1970-01-02 01:21:00,0.10305343511450382,,1970-01-02 01:21:00
1970-01-02 01:22:00,0.13533834586466165,,1970-01-02 01:22:00
1970-01-02 01:23:00,0.12927756653992395,,1970-01-02 01:23:00
1970-01-02 01:24:00,0.11742424242424243,,1970-01-02 01:24:00
1970-01-02 01:25:00,0.12709030100334448,,1970-01-02 01:25:00
1970-01-02 01:26:00,0.1487603305785124,,1970-01-02 01:26:00
1970-01-02 01:27:00,0.08455882352941177,,1970-01-02 01:27:00
1970-01-02 01:28:00,0.10943396226415095,,1970-01-02 01:28:00
1970-01-02 01:29:00,0.08914728682170543,,1970-01-02 01:29:00
1970-01-02 01:30:00,0.13793103448275862,,1970-01-02 01:30:00
1970-01-02 01:31:00,0.11583011583011583,,1970-01-02 01:31:00
1970-01-02 01:32:00,0.09448818897637795,,1970-01-02 01:32:00
1970-01-02 01:33:00,0.15294117647058825,,1970-01-02 01:33:00
1970-01-02 01:34:00,0.1450381679389313,,1970-01-02 01:34:00
1970-01-02 01:35:00,0.16216216216216217,,1970-01-02 01:35:00
1970-01-02 01:36:00,0.12692307692307692,,1970-01-02 01:36:00
1970-01-02 01:37:00,0.13725490196078433,,1970-01-02 01:37:00
1970-01-02 01:38:00,0.08960573476702509,,1970-01-02 01:38:00
1970-01-02 01:39:00,0.15289256198347106,,1970-01-02 01:39:00
1970-01-02 01:40:00,0.09821428571428571,,1970-01-02 01:40:00
1970-01-02 01:41:00,0.16071428571428573,,1970-01-02 01:41:00
1970-01-02 01:42:00,0.09349593495934959,,1970-01-02 01:42:00
1970-01-02 01:43:00,0.1744186046511628,,1970-01-02 01:43:00
1970-01-02 01:44:00,0.14545454545454545,,1970-01-02 01:44:00
1970-01-02 01:45:00,0.10526315789473684,,1970-01-02 01:45:00
1970-01-02 01:46:00,0.100418410041841,,1970-01-02 01:46:00
1970-01-02 01:47:00,0.11814345991561181,,1970-01-02 01:47:00
1970-01-02 01:48:00,0.13636363636363635,,1970-01-02 01:48:00
1970-01-02 01:49:00,0.12345679012345678,,1970-01-02 01:49:00
1970-01-02 01:50:00,0.18055555555555555,,1970-01-02 01:50:00
1970-01-02 01:51:00,0.12015503875968993,,1970-01-02 01:51:00
1970-01-02 01:52:00,0.10833333333333334,,1970-01-02 01:52:00
1970-01-02 01:53:00,0.16810344827586207,,1970-01-02 01:53:00
1970-01-02 01:54:00,0.11272727272727273,,1970-01-02 01:54:00
1970-01-02 01:55:00,0.11406844106463879,,1970-01-02 01:55:00
1970-01-02 01:56:00,0.13108614232209737,,1970-01-02 01:56:00
1970-01-02 01:57:00,0.12749003984063745,,1970-01-02 01:57:00
1970-01-02 01:58:00,0.128099173553719,,1970-01-02 01:58:00
1970-01-02 01:59:00,0.15178571428571427,,1970-01-02 01:59:00
1970-01-02 02:00:00,0.11583011583011583,,1970-01-02 02:00:00
1970-01-02 02:01:00,0.13805970149253732,,1970-01-02 02:01:00
1970-01-02 02:02:00,0.1322314049586777,,1970-01-02 02:02:00
1970-01-02 02:03:00,0.12017167381974249,,1970-01-02 02:03:00
1970-01-02 02:04:00,0.16143497757847533,,1970-01-02 02:04:00
1970-01-02 02:05:00,0.11152416356877323,,1970-01-02 02:05:00
1970-01-02 02:06:00,0.13304721030042918,,1970-01-02 02:06:00
1970-01-02 02:07:00,0.12547528517110265,,1970-01-02 02:07:00
1970-01-02 02:08:00,0.14957264957264957,,1970-01-02 02:08:00
1970-01-02 02:09:00,0.09361702127659574,,1970-01-02 02:09:00
1970-01-02 02:10:00,0.19658119658119658,,1970-01-02 02:10:00
1970-01-02 02:11:00,0.11203319502074689,,1970-01-02 02:11:00
1970-01-02 02:12:00,0.1306122448979592,,1970-01-02 02:12:00
1970-01-02 02:13:00,0.12781954887218044,,1970-01-02 02:13:00
1970-01-02 02:14:00,0.09961685823754789,,1970-01-02 02:14:00
1970-01-02 02:15:00,0.1532567049808429,,1970-01-02 02:15:00
1970-01-02 02:16:00,0.14909090909090908,,1970-01-02 02:16:00
1970-01-02 02:17:00,0.1553030303030303,,1970-01-02 02:17:00
1970-01-02 02:18:00,0.13924050632911392,,1970-01-02 02:18:00
1970-01-02 02:19:00,0.14942528735632185,,1970-01-02 02:19:00
1970-01-02 02:20:00,0.13934426229508196,,1970-01-02 02:20:00
1970-01-02 02:21:00,0.1541501976284585,,1970-01-02 02:21:00
1970-01-02 02:22:00,0.1589958158995816,,1970-01-02 02:22:00
1970-01-02 02:23:00,0.11065573770491803,,1970-01-02 02:23:00
1970-01-02 02:24:00,0.15384615384615385,,1970-01-02 02:24:00
1970-01-02 02:25:00,0.13438735177865613,,1970-01-02 02:25:00
1970-01-02 02:26:00,0.13253012048192772,,1970-01-02 02:26:00
1970-01-02 02:27:00,0.10843373493975904,,1970-01-02 02:27:00
1970-01-02 02:28:00,0.13028169014084506,,1970-01-02 02:28:00
1970-01-02 02:29:00,0.12318840579710146,,1970-01-02 02:29:00
1970-01-02 02:30:00,0.13157894736842105,,1970-01-02 02:30:00
1970-01-02 02:31:00,0.17269076305220885,,1970-01-02 02:31:00
1970-01-02 02:32:00,0.13168724279835392,,1970-01-02 02:32:00
1970-01-02 02:33:00,0.14583333333333334,,1970-01-02 02:33:00
1970-01-02 02:34:00,0.10894941634241245,,1970-01-02 02:34:00
1970-01-02 02:35:00,0.1206896551724138,,1970-01-02 02:35:00
1970-01-02 02:36:00,0.09642857142857143,,1970-01-02 02:36:00
1970-01-02 02:37:00,0.1328125,,1970-01-02 02:37:00
1970-01-02 02:38:00,0.14056224899598393,,1970-01-02 02:38:00
1970-01-02 02:39:00,0.11313868613138686,,1970-01-02 02:39:00
1970-01-02 02:40:00,0.10526315789473684,,1970-01-02 02:40:00
1970-01-02 02:41:00,0.11450381679389313,,1970-01-02 02:41:00
1970-01-02 02:42:00,0.12639405204460966,,1970-01-02 02:42:00
1970-01-02 02:43:00,0.15418502202643172,,1970-01-02 02:43:00
1970-01-02 02:44:00,0.11721611721611722,,1970-01-02 02:44:00
1970-01-02 02:45:00,0.15355805243445692,,1970-01-02 02:45:00
1970-01-02 02:46:00,0.12749003984063745,,1970-01-02 02:46:00
1970-01-02 02:47:00,0.10740740740740741,,1970-01-02 02:47:00
1970-01-02 02:48:00,0.12389380530973451,,1970-01-02 02:48:00
1970-01-02 02:49:00,0.16153846153846155,,1970-01-02 02:49:00
1970-01-02 02:50:00,0.15234375,,1970-01-02 02:50:00
1970-01-02 02:51:00,0.09183673469387756,,1970-01-02 02:51:00
1970-01-02 02:52:00,0.1606425702811245,,1970-01-02 02:52:00
1970-01-02 02:53:00,0.15637860082304528,,1970-01-02 02:53:00
1970-01-02 02:54:00,0.13257575757575757,,1970-01-02 02:54:00
1970-01-02 02:55:00,0.13333333333333333,,1970-01-02 02:55:00
1970-01-02 02:56:00,0.15126050420168066,,1970-01-02 02:56:00
1970-01-02 02:57:00,0.10839160839160839,,1970-01-02 02:57:00
1970-01-02 02:58:00,0.11743772241992882,,1970-01-02 02:58:00
1970-01-02 02:59:00,0.14901960784313725,,1970-01-02 02:59:00
1970-01-02 03:00:00,0.09191176470588236,,1970-01-02 03:00:00
1970-01-02 03:01:00,0.1680327868852459,,1970-01-02 03:01:00
1970-01-02 03:02:00,0.1111111111111111,,1970-01-02 03:02:00
1970-01-02 03:03:00,0.11836734693877551,,1970-01-02 03:03:00
1970-01-02 03:04:00,0.16,,1970-01-02 03:04:00
1970-01-02 03:05:00,0.12424242424242424,,1970-01-02 03:05:00
1970-01-02 03:06:00,0.17045454545454544,,1970-01-02 03:06:00
1970-01-02 03:07:00,0.11347517730496454,,1970-01-02 03:07:00
1970-01-02 03:08:00,0.125,,1970-01-02 03:08:00
1970-01-02 03:09:00,0.12955465587044535,,1970-01-02 03:09:00
1970-01-02 03:10:00,0.13074204946996468,,1970-01-02 03:10:00
1970-01-02 03:11:00,0.12714776632302405,,1970-01-02 03:11:00
1970-01-02 03:12:00,0.1724137931034483,,1970-01-02 03:12:00
1970-01-02 03:13:00,0.14615384615384616,,1970-01-02 03:13:00
1970-01-02 03:14:00,0.13214285714285715,,1970-01-02 03:14:00
1970-01-02 03:15:00,0.16911764705882354,,1970-01-02 03:15:00
1970-01-02 03:16:00,0.12643678160919541,,1970-01-02 03:16:00
1970-01-02 03:17:00,0.11715481171548117,,1970-01-02 03:17:00
1970-01-02 03:18:00,0.1078838174273859,,1970-01-02 03:18:00
1970-01-02 03:19:00,0.1511627906976744,,1970-01-02 03:19:00
1970-01-02 03:20:00,0.13304721030042918,,1970-01-02 03:20:00
1970-01-02 03:21:00,0.12449799196787148,,1970-01-02 03:21:00
1970-01-02 03:22:00,0.12867647058823528,,1970-01-02 03:22:00
1970-01-02 03:23:00,0.1357142857142857,,1970-01-02 03:23:00
1970-01-02 03:24:00,0.1867704280155642,,1970-01-02 03:24:00
1970-01-02 03:25:00,0.11743772241992882,,1970-01-02 03:25:00
1970-01-02 03:26:00,0.13127413127413126,,1970-01-02 03:26:00
1970-01-02 03:27:00,0.10909090909090909,,1970-01-02 03:27:00
1970-01-02 03:28:00,0.12643678160919541,,1970-01-02 03:28:00
1970-01-02 03:29:00,0.1505016722408027,,1970-01-02 03:29:00
1970-01-02 03:30:00,0.12286689419795221,,1970-01-02 03:30:00
1970-01-02 03:31:00,0.1245674740484429,,1970-01-02 03:31:00
1970-01-02 03:32:00,0.13909774436090225,,1970-01-02 03:32:00
1970-01-02 03:33:00,0.1263537906137184,,1970-01-02 03:33:00
1970-01-02 03:34:00,0.16791044776119404,,1970-01-02 03:34:00
1970-01-02 03:35:00,0.18213058419243985,,1970-01-02 03:35:00
1970-01-02 03:36:00,0.10927152317880795,,1970-01-02 03:36:00
1970-01-02 03:37:00,0.11409395973154363,,1970-01-02 03:37:00
1970-01-02 03:38:00,0.13805970149253732,,1970-01-02 03:38:00
1970-01-02 03:39:00,0.09621993127147767,,1970-01-02 03:39:00
1970-01-02 03:40:00,0.1968503937007874,,1970-01-02 03:40:00
1970-01-02 03:41:00,0.13131313131313133,,1970-01-02 03:41:00
1970-01-02 03:42:00,0.11437908496732026,,1970-01-02 03:42:00
1970-01-02 03:43:00,0.10954063604240283,,1970-01-02 03:43:00
1970-01-02 03:44:00,0.13653136531365315,,1970-01-02 03:44:00
1970-01-02 03:45:00,0.13636363636363635,,1970-01-02 03:45:00
1970-01-02 03:46:00,0.1386861313868613,,1970-01-02 03:46:00
1970-01-02 03:47:00,0.13380281690140844,,1970-01-02 03:47:00
1970-01-02 03:48:00,0.15037593984962405,,1970-01-02 03:48:00
1970-01-02 03:49:00,0.145985401459854,,1970-01-02 03:49:00
1970-01-02 03:50:00,0.13382899628252787,,1970-01-02 03:50:00
1970-01-02 03:51:00,0.10810810810810811,,1970-01-02 03:51:00
1970-01-02 03:52:00,0.16317991631799164,,1970-01-02 03:52:00
1970-01-02 03:53:00,0.1606425702811245,,1970-01-02 03:53:00
1970-01-02 03:54:00,0.1476510067114094,,1970-01-02 03:54:00
1970-01-02 03:55:00,0.1037344398340249,,1970-01-02 03:55:00
1970-01-02 03:56:00,0.09737827715355805,,1970-01-02 03:56:00
1970-01-02 03:57:00,0.1282051282051282,,1970-01-02 03:57:00
1970-01-02 03:58:00,0.15901060070671377,,1970-01-02 03:58:00
1970-01-02 03:59:00,0.10416666666666667,,1970-01-02 03:59:00
1970-01-02 04:00:00,0.14232209737827714,,1970-01-02 04:00:00
1970-01-02 04:01:00,0.06293706293706294,,1970-01-02 04:01:00
1970-01-02 04:02:00,0.10714285714285714,,1970-01-02 04:02:00
1970-01-02 04:03:00,0.1450381679389313,,1970-01-02 04:03:00
1970-01-02 04:04:00,0.12087912087912088,,1970-01-02 04:04:00
1970-01-02 04:05:00,0.11387900355871886,,1970-01-02 04:05:00
1970-01-02 04:06:00,0.12857142857142856,,1970-01-02 04:06:00
1970-01-02 04:07:00,0.1469387755102041,,1970-01-02 04:07:00
1970-01-02 04:08:00,0.12830188679245283,,1970-01-02 04:08:00
1970-01-02 04:09:00,0.12773722627737227,,1970-01-02 04:09:00
1970-01-02 04:10:00,0.14453125,,1970-01-02 04:10:00
1970-01-02 04:11:00,0.14444444444444443,,1970-01-02 04:11:00
1970-01-02 04:12:00,0.1412639405204461,,1970-01-02 04:12:00
1970-01-02 04:13:00,0.14655172413793102,,1970-01-02 04:13:00
1970-01-02 04:14:00,0.14869888475836432,,1970-01-02 04:14:00
1970-01-02 04:15:00,0.1245136186770428,,1970-01-02 04:15:00
1970-01-02 04:16:00,0.15413533834586465,,1970-01-02 04:16:00
1970-01-02 04:17:00,0.11295681063122924,,1970-01-02 04:17:00
1970-01-02 04:18:00,0.15789473684210525,,1970-01-02 04:18:00
1970-01-02 04:19:00,0.14960629921259844,,1970-01-02 04:19:00
1970-01-02 04:20:00,0.1003584229390681,,1970-01-02 04:20:00
1970-01-02 04:21:00,0.12406015037593984,,1970-01-02 04:21:00
1970-01-02 04:22:00,0.14391143911439114,,1970-01-02 04:22:00
1970-01-02 04:23:00,0.1552346570397112,,1970-01-02 04:23:00
1970-01-02 04:24:00,0.14015151515151514,,1970-01-02 04:24:00
1970-01-02 04:25:00,0.14901960784313725,,1970-01-02 04:25:00
1970-01-02 04:26:00,0.11666666666666667,,1970-01-02 04:26:00
1970-01-02 04:27:00,0.168,,1970-01-02 04:27:00
1970-01-02 04:28:00,0.14814814814814814,,1970-01-02 04:28:00
1970-01-02 04:29:00,0.17490494296577946,,1970-01-02 04:29:00
1970-01-02 04:30:00,0.1267605633802817,,1970-01-02 04:30:00
1970-01-02 04:31:00,0.156,,1970-01-02 04:31:00
1970-01-02 04:32:00,0.14840989399293286,,1970-01-02 04:32:00
1970-01-02 04:33:00,0.12727272727272726,,1970-01-02 04:33:00
1970-01-02 04:34:00,0.16853932584269662,,1970-01-02 04:34:00
1970-01-02 04:35:00,0.1349206349206349,,1970-01-02 04:35:00
1970-01-02 04:36:00,0.13653136531365315,,1970-01-02 04:36:00
1970-01-02 04:37:00,0.1643835616438356,,1970-01-02 04:37:00
1970-01-02 04:38:00,0.11147540983606558,,1970-01-02 04:38:00
1970-01-02 04:39:00,0.12454212454212454,,1970-01-02 04:39:00
1970-01-02 04:40:00,0.1357142857142857,,1970-01-02 04:40:00
1970-01-02 04:41:00,0.1328125,,1970-01-02 04:41:00
1970-01-02 04:42:00,0.13654618473895583,,1970-01-02 04:42:00
1970-01-02 04:43:00,0.1016949152542373,,1970-01-02 04:43:00
1970-01-02 04:44:00,0.16444444444444445,,1970-01-02 04:44:00
1970-01-02 04:45:00,0.10037174721189591,,1970-01-02 04:45:00
1970-01-02 04:46:00,0.15019762845849802,,1970-01-02 04:46:00
1970-01-02 04:47:00,0.13740458015267176,,1970-01-02 04:47:00
1970-01-02 04:48:00,0.1774193548387097,,1970-01-02 04:48:00
1970-01-02 04:49:00,0.125,,1970-01-02 04:49:00
1970-01-02 04:50:00,0.13580246913580246,,1970-01-02 04:50:00
1970-01-02 04:51:00,0.13565891472868216,,1970-01-02 04:51:00
1970-01-02 04:52:00,0.16532258064516128,,1970-01-02 04:52:00
1970-01-02 04:53:00,0.0992063492063492,,1970-01-02 04:53:00
1970-01-02 04:54:00,0.13445378151260504,,1970-01-02 04:54:00
1970-01-02 04:55:00,0.1652892561983471,,1970-01-02 04:55:00
1970-01-02 04:56:00,0.12987012987012986,,1970-01-02 04:56:00
1970-01-02 04:57:00,0.16355140186915887,,1970-01-02 04:57:00
1970-01-02 04:58:00,0.0990990990990991,,1970-01-02 04:58:00
1970-01-02 04:59:00,0.14782608695652175,,1970-01-02 04:59:00
1970-01-02 05:00:00,0.15450643776824036,,1970-01-02 05:00:00
1970-01-02 05:01:00,0.1625,,1970-01-02 05:01:00
1970-01-02 05:02:00,0.12454212454212454,,1970-01-02 05:02:00
1970-01-02 05:03:00,0.1446280991735537,,1970-01-02 05:03:00
1970-01-02 05:04:00,0.12916666666666668,,1970-01-02 05:04:00
1970-01-02 05:05:00,0.1694915254237288,,1970-01-02 05:05:00
1970-01-02 05:06:00,0.12048192771084337,,1970-01-02 05:06:00
1970-01-02 05:07:00,0.11475409836065574,,1970-01-02 05:07:00
1970-01-02 05:08:00,0.14,,1970-01-02 05:08:00
1970-01-02 05:09:00,0.18981481481481483,,1970-01-02 05:09:00
1970-01-02 05:10:00,0.1583710407239819,,1970-01-02 05:10:00
1970-01-02 05:11:00,0.15,,1970-01-02 05:11:00
1970-01-02 05:12:00,0.09333333333333334,,1970-01-02 05:12:00
1970-01-02 05:13:00,0.09716599190283401,,1970-01-02 05:13:00
1970-01-02 05:14:00,0.11574074074074074,,1970-01-02 05:14:00
1970-01-02 05:15:00,0.164021164021164,,1970-01-02 05:15:00
1970-01-02 05:16:00,0.13304721030042918,,1970-01-02 05:16:00
1970-01-02 05:17:00,0.12669683257918551,,1970-01-02 05:17:00
1970-01-02 05:18:00,0.14220183486238533,,1970-01-02 05:18:00
1970-01-02 05:19:00,0.1388888888888889,,1970-01-02 05:19:00
1970-01-02 05:20:00,0.16748768472906403,,1970-01-02 05:20:00
1970-01-02 05:21:00,0.13617021276595745,,1970-01-02 05:21:00
1970-01-02 05:22:00,0.17391304347826086,,1970-01-02 05:22:00
1970-01-02 05:23:00,0.11155378486055777,,1970-01-02 05:23:00
1970-01-02 05:24:00,0.1507537688442211,,1970-01-02 05:24:00
1970-01-02 05:25:00,0.11219512195121951,,1970-01-02 05:25:00
1970-01-02 05:26:00,0.14084507042253522,,1970-01-02 05:26:00
1970-01-02 05:27:00,0.19072164948453607,,1970-01-02 05:27:00
1970-01-02 05:28:00,0.09782608695652174,,1970-01-02 05:28:00
1970-01-02 05:29:00,0.1004566210045662,,1970-01-02 05:29:00
1970-01-02 05:30:00,0.1358695652173913,,1970-01-02 05:30:00
1970-01-02 05:31:00,0.1881720430107527,,1970-01-02 05:31:00
1970-01-02 05:32:00,0.1111111111111111,,1970-01-02 05:32:00
1970-01-02 05:33:00,0.09767441860465116,,1970-01-02 05:33:00
1970-01-02 05:34:00,0.16822429906542055,,1970-01-02 05:34:00
1970-01-02 05:35:00,0.1493212669683258,,1970-01-02 05:35:00
1970-01-02 05:36:00,0.18421052631578946,,1970-01-02 05:36:00
1970-01-02 05:37:00,0.1793478260869565,,1970-01-02 05:37:00
1970-01-02 05:38:00,0.1306532663316583,,1970-01-02 05:38:00
1970-01-02 05:39:00,0.12637362637362637,,1970-01-02 05:39:00
1970-01-02 05:40:00,0.11764705882352941,,1970-01-02 05:40:00
1970-01-02 05:41:00,0.14009661835748793,,1970-01-02 05:41:00
1970-01-02 05:42:00,0.1907514450867052,,1970-01-02 05:42:00
1970-01-02 05:43:00,0.10429447852760736,,1970-01-02 05:43:00
1970-01-02 05:44:00,0.17857142857142858,,1970-01-02 05:44:00
1970-01-02 05:45:00,0.1092896174863388,,1970-01-02 05:45:00
1970-01-02 05:46:00,0.17032967032967034,,1970-01-02 05:46:00
1970-01-02 05:47:00,0.13372093023255813,,1970-01-02 05:47:00
1970-01-02 05:48:00,0.14925373134328357,,1970-01-02 05:48:00
1970-01-02 05:49:00,0.15337423312883436,,1970-01-02 05:49:00
1970-01-02 05:50:00,0.12804878048780488,,1970-01-02 05:50:00
1970-01-02 05:51:00,0.14012738853503184,,1970-01-02 05:51:00
1970-01-02 05:52:00,0.10884353741496598,,1970-01-02 05:52:00
1970-01-02 05:53:00,0.1569767441860465,,1970-01-02 05:53:00
1970-01-02 05:54:00,0.1683673469387755,,1970-01-02 05:54:00
1970-01-02 05:55:00,0.1951219512195122,,1970-01-02 05:55:00
1970-01-02 05:56:00,0.1320754716981132,,1970-01-02 05:56:00
1970-01-02 05:57:00,0.18181818181818182,,1970-01-02 05:57:00
1970-01-02 05:58:00,0.11728395061728394,,1970-01-02 05:58:00
1970-01-02 05:59:00,0.08045977011494253,,1970-01-02 05:59:00
1970-01-02 06:00:00,0.14124293785310735,,1970-01-02 06:00:00
1970-01-02 06:01:00,0.10975609756097561,,1970-01-02 06:01:00
1970-01-02 06:02:00,0.20869565217391303,,1970-01-02 06:02:00
1970-01-02 06:03:00,0.12413793103448276,,1970-01-02 06:03:00
1970-01-02 06:04:00,0.17880794701986755,,1970-01-02 06:04:00
1970-01-02 06:05:00,0.20161290322580644,,1970-01-02 06:05:00
1970-01-02 06:06:00,0.13333333333333333,,1970-01-02 06:06:00
1970-01-02 06:07:00,0.1875,,1970-01-02 06:07:00
1970-01-02 06:08:00,0.15789473684210525,,1970-01-02 06:08:00
1970-01-02 06:09:00,0.1366906474820144,,1970-01-02 06:09:00
1970-01-02 06:10:00,0.1794871794871795,,1970-01-02 06:10:00
1970-01-02 06:11:00,0.15671641791044777,,1970-01-02 06:11:00
1970-01-02 06:12:00,0.14912280701754385,,1970-01-02 06:12:00
1970-01-02 06:13:00,0.15833333333333333,,1970-01-02 06:13:00
1970-01-02 06:14:00,0.1968503937007874,,1970-01-02 06:14:00
1970-01-02 06:15:00,0.17094017094017094,,1970-01-02 06:15:00
1970-01-02 06:16:00,0.15671641791044777,,1970-01-02 06:16:00
1970-01-02 06:17:00,0.11206896551724138,,1970-01-02 06:17:00
1970-01-02 06:18:00,0.16666666666666666,,1970-01-02 06:18:00
1970-01-02 06:19:00,0.125,,1970-01-02 06:19:00
1970-01-02 06:20:00,0.11678832116788321,,1970-01-02 06:20:00
1970-01-02 06:21:00,0.13953488372093023,,1970-01-02 06:21:00
1970-01-02 06:22:00,0.20175438596491227,,1970-01-02 06:22:00
1970-01-02 06:23:00,0.0847457627118644,,1970-01-02 06:23:00
1970-01-02 06:24:00,0.16058394160583941,,1970-01-02 06:24:00
1970-01-02 06:25:00,0.1267605633802817,,1970-01-02 06:25:00
1970-01-02 06:26:00,0.168141592920354,,1970-01-02 06:26:00
1970-01-02 06:27:00,0.21739130434782608,,1970-01-02 06:27:00
1970-01-02 06:28:00,0.16037735849056603,,1970-01-02 06:28:00
1970-01-02 06:29:00,0.19642857142857142,,1970-01-02 06:29:00
1970-01-02 06:30:00,0.1864406779661017,,1970-01-02 06:30:00
1970-01-02 06:31:00,0.14545454545454545,,1970-01-02 06:31:00
1970-01-02 06:32:00,0.1553398058252427,,1970-01-02 06:32:00
1970-01-02 06:33:00,0.20224719101123595,,1970-01-02 06:33:00
1970-01-02 06:34:00,0.21359223300970873,,1970-01-02 06:34:00
1970-01-02 06:35:00,0.2073170731707317,,1970-01-02 06:35:00
1970-01-02 06:36:00,0.14583333333333334,,1970-01-02 06:36:00
1970-01-02 06:37:00,0.22988505747126436,,1970-01-02 06:37:00
1970-01-02 06:38:00,0.19148936170212766,,1970-01-02 06:38:00
1970-01-02 06:39:00,0.11458333333333333,,1970-01-02 06:39:00
1970-01-02 06:40:00,0.13157894736842105,,1970-01-02 06:40:00
1970-01-02 06:41:00,0.11702127659574468,,1970-01-02 06:41:00
1970-01-02 06:42:00,0.18085106382978725,,1970-01-02 06:42:00
1970-01-02 06:43:00,0.16326530612244897,,1970-01-02 06:43:00
1970-01-02 06:44:00,0.16666666666666666,,1970-01-02 06:44:00
1970-01-02 06:45:00,0.1559633027522936,,1970-01-02 06:45:00
1970-01-02 06:46:00,0.12941176470588237,,1970-01-02 06:46:00
1970-01-02 06:47:00,0.2441860465116279,,1970-01-02 06:47:00
1970-01-02 06:48:00,0.20224719101123595,,1970-01-02 06:48:00
1970-01-02 06:49:00,0.1262135922330097,,1970-01-02 06:49:00
1970-01-02 06:50:00,0.20253164556962025,,1970-01-02 06:50:00
1970-01-02 06:51:00,0.16049382716049382,,1970-01-02 06:51:00
1970-01-02 06:52:00,0.09259259259259259,,1970-01-02 06:52:00
1970-01-02 06:53:00,0.1702127659574468,,1970-01-02 06:53:00
1970-01-02 06:54:00,0.17757009345794392,,1970-01-02 06:54:00
1970-01-02 06:55:00,0.10843373493975904,,1970-01-02 06:55:00
1970-01-02 06:56:00,0.25,,1970-01-02 06:56:00
1970-01-02 06:57:00,0.1134020618556701,,1970-01-02 06:57:00
1970-01-02 06:58:00,0.2,,1970-01-02 06:58:00
1970-01-02 06:59:00,0.20967741935483872,,1970-01-02 06:59:00
1970-01-02 07:00:00,0.07291666666666667,,1970-01-02 07:00:00
1970-01-02 07:01:00,0.15,,1970-01-02 07:01:00
1970-01-02 07:02:00,0.20224719101123595,,1970-01-02 07:02:00
1970-01-02 07:03:00,0.20833333333333334,,1970-01-02 07:03:00
1970-01-02 07:04:00,0.1891891891891892,,1970-01-02 07:04:00
1970-01-02 07:05:00,0.12790697674418605,,1970-01-02 07:05:00
1970-01-02 07:06:00,0.18666666666666668,,1970-01-02 07:06:00
1970-01-02 07:07:00,0.10227272727272728,,1970-01-02 07:07:00
1970-01-02 07:08:00,0.1375,,1970-01-02 07:08:00
1970-01-02 07:09:00,0.11363636363636363,,1970-01-02 07:09:00
1970-01-02 07:10:00,0.17105263157894737,,1970-01-02 07:10:00
1970-01-02 07:11:00,0.20987654320987653,,1970-01-02 07:11:00
1970-01-02 07:12:00,0.16129032258064516,,1970-01-02 07:12:00
1970-01-02 07:13:00,0.08235294117647059,,1970-01-02 07:13:00
1970-01-02 07:14:00,0.2714285714285714,,1970-01-02 07:14:00
1970-01-02 07:15:00,0.12162162162162163,,1970-01-02 07:15:00
1970-01-02 07:16:00,0.18518518518518517,,1970-01-02 07:16:00
1970-01-02 07:17:00,0.08108108108108109,,1970-01-02 07:17:00
1970-01-02 07:18:00,0.1232876712328767,,1970-01-02 07:18:00
1970-01-02 07:19:00,0.2,,1970-01-02 07:19:00
1970-01-02 07:20:00,0.125,,1970-01-02 07:20:00
1970-01-02 07:21:00,0.13043478260869565,,1970-01-02 07:21:00
1970-01-02 07:22:00,0.2,,1970-01-02 07:22:00
1970-01-02 07:23:00,0.07894736842105263,,1970-01-02 07:23:00
1970-01-02 07:24:00,0.011904761904761904,,1970-01-02 07:24:00
1970-01-02 07:25:00,0.14084507042253522,,1970-01-02 07:25:00
1970-01-02 07:26:00,0.07692307692307693,,1970-01-02 07:26:00
1970-01-02 07:27:00,0.11392405063291139,,1970-01-02 07:27:00
1970-01-02 07:28:00,0.2692307692307692,,1970-01-02 07:28:00
1970-01-02 07:29:00,0.15384615384615385,,1970-01-02 07:29:00
1970-01-02 07:30:00,0.05555555555555555,,1970-01-02 07:30:00
1970-01-02 07:31:00,0.18840579710144928,,1970-01-02 07:31:00
1970-01-02 07:32:00,0.06060606060606061,,1970-01-02 07:32:00
1970-01-02 07:33:00,0.24615384615384617,,1970-01-02 07:33:00
1970-01-02 07:34:00,0.16129032258064516,,1970-01-02 07:34:00
1970-01-02 07:35:00,0.12307692307692308,,1970-01-02 07:35:00
1970-01-02 07:36:00,0.06666666666666667,,1970-01-02 07:36:00
1970-01-02 07:37:00,0.14,,1970-01-02 07:37:00
1970-01-02 07:38:00,0.1791044776119403,,1970-01-02 07:38:00
1970-01-02 07:39:00,0.17142857142857143,,1970-01-02 07:39:00
1970-01-02 07:40:00,0.1694915254237288,,1970-01-02 07:40:00
1970-01-02 07:41:00,0.19230769230769232,,1970-01-02 07:41:00
1970-01-02 07:42:00,0.16326530612244897,,1970-01-02 07:42:00
1970-01-02 07:43:00,0.17647058823529413,,1970-01-02 07:43:00
1970-01-02 07:44:00,0.0821917808219178,,1970-01-02 07:44:00
1970-01-02 07:45:00,0.3,,1970-01-02 07:45:00
1970-01-02 07:46:00,0.16363636363636364,,1970-01-02 07:46:00
1970-01-02 07:47:00,0.08620689655172414,,1970-01-02 07:47:00
1970-01-02 07:48:00,0.12244897959183673,,1970-01-02 07:48:00
1970-01-02 07:49:00,0.23636363636363636,,1970-01-02 07:49:00
1970-01-02 07:50:00,0.08771929824561403,,1970-01-02 07:50:00
1970-01-02 07:51:00,0.12727272727272726,,1970-01-02 07:51:00
1970-01-02 07:52:00,0.06557377049180328,,1970-01-02 07:52:00
1970-01-02 07:53:00,0.15555555555555556,,1970-01-02 07:53:00
1970-01-02 07:54:00,0.14035087719298245,,1970-01-02 07:54:00
1970-01-02 07:55:00,0.15625,,1970-01-02 07:55:00
1970-01-02 07:56:00,0.13333333333333333,,1970-01-02 07:56:00
1970-01-02 07:57:00,0.06779661016949153,,1970-01-02 07:57:00
1970-01-02 07:58:00,0.175,,1970-01-02 07:58:00
1970-01-02 07:59:00,0.1346153846153846,,1970-01-02 07:59:00
1970-01-02 08:00:00,0.23529411764705882,,1970-01-02 08:00:00
1970-01-02 08:01:00,0.09615384615384616,,1970-01-02 08:01:00
1970-01-02 08:02:00,0.12,,1970-01-02 08:02:00
1970-01-02 08:03:00,0.16666666666666666,,1970-01-02 08:03:00
1970-01-02 08:04:00,0.18604651162790697,,1970-01-02 08:04:00
1970-01-02 08:05:00,0.05172413793103448,,1970-01-02 08:05:00
1970-01-02 08:06:00,0.16666666666666666,,1970-01-02 08:06:00
1970-01-02 08:07:00,0.2727272727272727,,1970-01-02 08:07:00
1970-01-02 08:08:00,0.16666666666666666,,1970-01-02 08:08:00
1970-01-02 08:09:00,0.15555555555555556,,1970-01-02 08:09:00
1970-01-02 08:10:00,0.21428571428571427,,1970-01-02 08:10:00
1970-01-02 08:11:00,0.23076923076923078,,1970-01-02 08:11:00
1970-01-02 08:12:00,0.22727272727272727,,1970-01-02 08:12:00
1970-01-02 08:13:00,0.15217391304347827,,1970-01-02 08:13:00
1970-01-02 08:14:00,0.14,,1970-01-02 08:14:00
1970-01-02 08:15:00,0.15,,1970-01-02 08:15:00
1970-01-02 08:16:00,0.17777777777777778,,1970-01-02 08:16:00
1970-01-02 08:17:00,0.18181818181818182,,1970-01-02 08:17:00
1970-01-02 08:18:00,0.2,,1970-01-02 08:18:00
1970-01-02 08:19:00,0.21428571428571427,,1970-01-02 08:19:00
1970-01-02 08:20:00,0.14634146341463414,,1970-01-02 08:20:00
1970-01-02 08:21:00,0.04081632653061224,,1970-01-02 08:21:00
1970-01-02 08:22:00,0.19230769230769232,,1970-01-02 08:22:00
1970-01-02 08:23:00,0.12121212121212122,,1970-01-02 08:23:00
1970-01-02 08:24:00,0.13513513513513514,,1970-01-02 08:24:00
1970-01-02 08:25:00,0.25806451612903225,,1970-01-02 08:25:00
1970-01-02 08:26:00,0.07407407407407407,,1970-01-02 08:26:00
1970-01-02 08:27:00,0.16279069767441862,,1970-01-02 08:27:00
1970-01-02 08:28:00,0.058823529411764705,,1970-01-02 08:28:00
1970-01-02 08:29:00,0.23809523809523808,,1970-01-02 08:29:00
1970-01-02 08:30:00,0.17777777777777778,,1970-01-02 08:30:00
1970-01-02 08:31:00,0.09302325581395349,,1970-01-02 08:31:00
1970-01-02 08:32:00,0.1111111111111111,,1970-01-02 08:32:00
1970-01-02 08:33:00,0.16666666666666666,,1970-01-02 08:33:00
1970-01-02 08:34:00,0.12195121951219512,,1970-01-02 08:34:00
1970-01-02 08:35:00,0.045454545454545456,,1970-01-02 08:35:00
1970-01-02 08:36:00,0.20689655172413793,,1970-01-02 08:36:00
1970-01-02 08:37:00,0.09523809523809523,,1970-01-02 08:37:00
1970-01-02 08:38:00,0.1935483870967742,,1970-01-02 08:38:00
1970-01-02 08:39:00,0.175,,1970-01-02 08:39:00
1970-01-02 08:40:00,0.14285714285714285,,1970-01-02 08:40:00
1970-01-02 08:41:00,0.1111111111111111,,1970-01-02 08:41:00
1970-01-02 08:42:00,0.09302325581395349,,1970-01-02 08:42:00
1970-01-02 08:43:00,0.2,,1970-01-02 08:43:00
1970-01-02 08:44:00,0.17857142857142858,,1970-01-02 08:44:00
1970-01-02 08:45:00,0.19230769230769232,,1970-01-02 08:45:00
1970-01-02 08:46:00,0.10256410256410256,,1970-01-02 08:46:00
1970-01-02 08:47:00,0.1111111111111111,,1970-01-02 08:47:00
1970-01-02 08:48:00,0.1282051282051282,,1970-01-02 08:48:00
1970-01-02 08:49:00,0.08333333333333333,,1970-01-02 08:49:00
1970-01-02 08:50:00,0.18518518518518517,,1970-01-02 08:50:00
1970-01-02 08:51:00,0.15151515151515152,,1970-01-02 08:51:00
1970-01-02 08:52:00,0.14285714285714285,,1970-01-02 08:52:00
1970-01-02 08:53:00,0.19444444444444445,,1970-01-02 08:53:00
1970-01-02 08:54:00,0.15625,,1970-01-02 08:54:00
1970-01-02 08:55:00,0.0975609756097561,,1970-01-02 08:55:00
1970-01-02 08:56:00,0.13793103448275862,,1970-01-02 08:56:00
1970-01-02 08:57:00,0.2727272727272727,,1970-01-02 08:57:00
1970-01-02 08:58:00,0.08333333333333333,,1970-01-02 08:58:00
1970-01-02 08:59:00,0.29411764705882354,,1970-01-02 08:59:00
1970-01-02 09:00:00,0.1724137931034483,,1970-01-02 09:00:00
1970-01-02 09:01:00,0.08333333333333333,,1970-01-02 09:01:00
1970-01-02 09:02:00,0.17391304347826086,,1970-01-02 09:02:00
1970-01-02 09:03:00,0.19230769230769232,,1970-01-02 09:03:00
1970-01-02 09:04:00,0.125,,1970-01-02 09:04:00
1970-01-02 09:05:00,0.0,,1970-01-02 09:05:00
1970-01-02 09:06:00,0.18181818181818182,,1970-01-02 09:06:00
1970-01-02 09:07:00,0.2692307692307692,,1970-01-02 09:07:00
1970-01-02 09:08:00,0.2,,1970-01-02 09:08:00
1970-01-02 09:09:00,0.13043478260869565,,1970-01-02 09:09:00
1970-01-02 09:10:00,0.3,,1970-01-02 09:10:00
1970-01-02 09:11:00,0.07142857142857142,,1970-01-02 09:11:00
1970-01-02 09:12:00,0.19047619047619047,,1970-01-02 09:12:00
1970-01-02 09:13:00,0.28,,1970-01-02 09:13:00
1970-01-02 09:14:00,0.11764705882352941,,1970-01-02 09:14:00
1970-01-02 09:15:00,0.2857142857142857,,1970-01-02 09:15:00
1970-01-02 09:16:00,0.125,,1970-01-02 09:16:00
1970-01-02 09:17:00,0.23529411764705882,,1970-01-02 09:17:00
1970-01-02 09:18:00,0.30434782608695654,,1970-01-02 09:18:00
1970-01-02 09:19:00,0.08,,1970-01-02 09:19:00
1970-01-02 09:20:00,0.2857142857142857,,1970-01-02 09:20:00
1970-01-02 09:21:00,0.13043478260869565,,1970-01-02 09:21:00
1970-01-02 09:22:00,0.23809523809523808,,1970-01-02 09:22:00
1970-01-02 09:23:00,0.0,,1970-01-02 09:23:00
1970-01-02 09:24:00,0.047619047619047616,,1970-01-02 09:24:00
1970-01-02 09:25:00,0.26666666666666666,,1970-01-02 09:25:00
1970-01-02 09:26:00,0.375,,1970-01-02 09:26:00
1970-01-02 09:27:00,0.11538461538461539,,1970-01-02 09:27:00
1970-01-02 09:28:00,0.2916666666666667,,1970-01-02 09:28:00
1970-01-02 09:29:00,0.11764705882352941,,1970-01-02 09:29:00
1970-01-02 09:30:00,0.5,,1970-01-02 09:30:00
1970-01-02 09:31:00,0.15,,1970-01-02 09:31:00
1970-01-02 09:32:00,0.13333333333333333,,1970-01-02 09:32:00
1970-01-02 09:33:00,0.2962962962962963,,1970-01-02 09:33:00
1970-01-02 09:34:00,0.21428571428571427,,1970-01-02 09:34:00
1970-01-02 09:35:00,0.26666666666666666,,1970-01-02 09:35:00
1970-01-02 09:36:00,0.26666666666666666,,1970-01-02 09:36:00
1970-01-02 09:37:00,0.12,,1970-01-02 09:37:00
1970-01-02 09:38:00,0.16666666666666666,,1970-01-02 09:38:00
1970-01-02 09:39:00,0.125,,1970-01-02 09:39:00
1970-01-02 09:40:00,0.16666666666666666,,1970-01-02 09:40:00
1970-01-02 09:41:00,0.42857142857142855,,1970-01-02 09:41:00
1970-01-02 09:42:00,0.15,,1970-01-02 09:42:00
1970-01-02 09:43:00,0.0,,1970-01-02 09:43:00
1970-01-02 09:44:00,0.42857142857142855,,1970-01-02 09:44:00
1970-01-02 09:45:00,0.0,,1970-01-02 09:45:00
1970-01-02 09:46:00,0.5294117647058824,,1970-01-02 09:46:00
1970-01-02 09:47:00,0.13636363636363635,,1970-01-02 09:47:00
1970-01-02 09:48:00,0.07142857142857142,,1970-01-02 09:48:00
1970-01-02 09:49:00,0.18181818181818182,,1970-01-02 09:49:00
1970-01-02 09:50:00,0.3333333333333333,,1970-01-02 09:50:00
1970-01-02 09:51:00,0.23529411764705882,,1970-01-02 09:51:00
1970-01-02 09:52:00,0.25,,1970-01-02 09:52:00
1970-01-02 09:53:00,0.07692307692307693,,1970-01-02 09:53:00
1970-01-02 09:54:00,0.07142857142857142,,1970-01-02 09:54:00
1970-01-02 09:55:00,0.35294117647058826,,1970-01-02 09:55:00
1970-01-02 09:56:00,0.1,,1970-01-02 09:56:00
1970-01-02 09:57:00,0.42857142857142855,,1970-01-02 09:57:00
1970-01-02 09:58:00,0.0,,1970-01-02 09:58:00
1970-01-02 09:59:00,0.07142857142857142,,1970-01-02 09:59:00
1970-01-02 10:00:00,0.0,,1970-01-02 10:00:00
1970-01-02 10:01:00,0.42857142857142855,,1970-01-02 10:01:00
1970-01-02 10:02:00,0.2727272727272727,,1970-01-02 10:02:00
1970-01-02 10:03:00,0.2727272727272727,,1970-01-02 10:03:00
1970-01-02 10:04:00,0.2727272727272727,,1970-01-02 10:04:00
1970-01-02 10:05:00,0.3125,,1970-01-02 10:05:00
1970-01-02 10:06:00,0.2857142857142857,,1970-01-02 10:06:00
1970-01-02 10:07:00,0.3333333333333333,,1970-01-02 10:07:00
1970-01-02 10:08:00,0.3076923076923077,,1970-01-02 10:08:00
1970-01-02 10:09:00,0.36363636363636365,,1970-01-02 10:09:00
1970-01-02 10:10:00,0.4,,1970-01-02 10:10:00
1970-01-02 10:11:00,0.038461538461538464,,1970-01-02 10:11:00
1970-01-02 10:12:00,0.4,,1970-01-02 10:12:00
1970-01-02 10:13:00,0.35294117647058826,,1970-01-02 10:13:00
1970-01-02 10:14:00,0.16666666666666666,,1970-01-02 10:14:00
1970-01-02 10:15:00,0.25,,1970-01-02 10:15:00
1970-01-02 10:16:00,0.1111111111111111,,1970-01-02 10:16:00
1970-01-02 10:17:00,0.0625,,1970-01-02 10:17:00
1970-01-02 10:18:00,0.3,,1970-01-02 10:18:00
1970-01-02 10:19:00,0.13333333333333333,,1970-01-02 10:19:00
1970-01-02 10:20:00,0.17647058823529413,,1970-01-02 10:20:00
1970-01-02 10:21:00,0.1,,1970-01-02 10:21:00
1970-01-02 10:22:00,0.3333333333333333,,1970-01-02 10:22:00
1970-01-02 10:23:00,0.25,,1970-01-02 10:23:00
1970-01-02 10:24:00,0.26666666666666666,,1970-01-02 10:24:00
1970-01-02 10:25:00,0.09090909090909091,,1970-01-02 10:25:00
1970-01-02 10:26:00,0.14285714285714285,,1970-01-02 10:26:00
1970-01-02 10:27:00,0.5,,1970-01-02 10:27:00
1970-01-02 10:28:00,0.0,,1970-01-02 10:28:00
1970-01-02 10:29:00,0.0,,1970-01-02 10:29:00
1970-01-02 10:30:00,0.42857142857142855,,1970-01-02 10:30:00
1970-01-02 10:31:00,0.1875,,1970-01-02 10:31:00
1970-01-02 10:32:00,0.23076923076923078,,1970-01-02 10:32:00
1970-01-02 10:33:00,0.36363636363636365,,1970-01-02 10:33:00
1970-01-02 10:34:00,0.25,,1970-01-02 10:34:00
1970-01-02 10:35:00,0.06666666666666667,,1970-01-02 10:35:00
1970-01-02 10:36:00,0.13333333333333333,,1970-01-02 10:36:00
1970-01-02 10:37:00,0.4166666666666667,,1970-01-02 10:37:00
1970-01-02 10:38:00,0.21428571428571427,,1970-01-02 10:38:00
1970-01-02 10:39:00,0.06666666666666667,,1970-01-02 10:39:00
1970-01-02 10:40:00,0.0,,1970-01-02 10:40:00
1970-01-02 10:41:00,0.05555555555555555,,1970-01-02 10:41:00
1970-01-02 10:42:00,0.0,,1970-01-02 10:42:00
1970-01-02 10:43:00,0.2222222222222222,,1970-01-02 10:43:00
1970-01-02 10:44:00,0.125,,1970-01-02 10:44:00
1970-01-02 10:45:00,0.08333333333333333,,1970-01-02 10:45:00
1970-01-02 10:46:00,1.0,,1970-01-02 10:46:00
1970-01-02 10:47:00,0.13333333333333333,,1970-01-02 10:47:00
1970-01-02 10:48:00,0.2727272727272727,,1970-01-02 10:48:00
1970-01-02 10:49:00,0.125,,1970-01-02 10:49:00
1970-01-02 10:50:00,0.14285714285714285,,1970-01-02 10:50:00
1970-01-02 10:51:00,1.0,,1970-01-02 10:51:00
1970-01-02 10:52:00,0.25,,1970-01-02 10:52:00
1970-01-02 10:53:00,0.23076923076923078,,1970-01-02 10:53:00
1970-01-02 10:54:00,0.3333333333333333,,1970-01-02 10:54:00
1970-01-02 10:55:00,0.1,,1970-01-02 10:55:00
1970-01-02 10:56:00,0.36363636363636365,,1970-01-02 10:56:00
1970-01-02 10:57:00,0.25,,1970-01-02 10:57:00
1970-01-02 10:58:00,0.35294117647058826,,1970-01-02 10:58:00
1970-01-02 10:59:00,0.0,,1970-01-02 10:59:00
1970-01-02 11:00:00,0.0,,1970-01-02 11:00:00
1970-01-02 11:01:00,0.42857142857142855,,1970-01-02 11:01:00
1970-01-02 11:02:00,0.045454545454545456,,1970-01-02 11:02:00
1970-01-02 11:03:00,0.2,,1970-01-02 11:03:00
1970-01-02 11:04:00,0.0,,1970-01-02 11:04:00
1970-01-02 11:05:00,0.4166666666666667,,1970-01-02 11:05:00
1970-01-02 11:06:00,0.5555555555555556,,1970-01-02 11:06:00
1970-01-02 11:07:00,0.0,,1970-01-02 11:07:00
1970-01-02 11:08:00,0.0,,1970-01-02 11:08:00
1970-01-02 11:09:00,0.09090909090909091,,1970-01-02 11:09:00
1970-01-02 11:10:00,0.18181818181818182,,1970-01-02 11:10:00
1970-01-02 11:11:00,0.06666666666666667,,1970-01-02 11:11:00
1970-01-02 11:12:00,0.1,,1970-01-02 11:12:00
1970-01-02 11:13:00,0.11764705882352941,,1970-01-02 11:13:00
1970-01-02 11:14:00,0.125,,1970-01-02 11:14:00
1970-01-02 11:15:00,0.0,,1970-01-02 11:15:00
1970-01-02 11:16:00,0.3333333333333333,,1970-01-02 11:16:00
1970-01-02 11:17:00,0.23076923076923078,,1970-01-02 11:17:00
1970-01-02 11:18:00,0.23529411764705882,,1970-01-02 11:18:00
1970-01-02 11:19:00,0.2727272727272727,,1970-01-02 11:19:00
1970-01-02 11:20:00,0.4,,1970-01-02 11:20:00
1970-01-02 11:21:00,0.11764705882352941,,1970-01-02 11:21:00
1970-01-02 11:22:00,0.17647058823529413,,1970-01-02 11:22:00
1970-01-02 11:23:00,0.2222222222222222,,1970-01-02 11:23:00
1970-01-02 11:24:00,0.08333333333333333,,1970-01-02 11:24:00
1970-01-02 11:25:00,0.21428571428571427,,1970-01-02 11:25:00
1970-01-02 11:26:00,0.07142857142857142,,1970-01-02 11:26:00
1970-01-02 11:27:00,0.3,,1970-01-02 11:27:00
1970-01-02 11:28:00,0.18181818181818182,,1970-01-02 11:28:00
1970-01-02 11:29:00,0.1875,,1970-01-02 11:29:00
1970-01-02 11:30:00,0.36363636363636365,,1970-01-02 11:30:00
1970-01-02 11:31:00,0.05555555555555555,,1970-01-02 11:31:00
1970-01-02 11:32:00,0.2,,1970-01-02 11:32:00
1970-01-02 11:33:00,0.0,,1970-01-02 11:33:00
1970-01-02 11:34:00,0.07142857142857142,,1970-01-02 11:34:00
1970-01-02 11:35:00,0.375,,1970-01-02 11:35:00
1970-01-02 11:36:00,0.15789473684210525,,1970-01-02 11:36:00
1970-01-02 11:37:00,0.07142857142857142,,1970-01-02 11:37:00
1970-01-02 11:38:00,0.05,,1970-01-02 11:38:00
1970-01-02 11:39:00,0.0,,1970-01-02 11:39:00
1970-01-02 11:40:00,0.21428571428571427,,1970-01-02 11:40:00
1970-01-02 11:41:00,0.25,,1970-01-02 11:41:00
1970-01-02 11:42:00,0.3157894736842105,,1970-01-02 11:42:00
1970-01-02 11:43:00,0.11538461538461539,,1970-01-02 11:43:00
1970-01-02 11:44:00,0.13043478260869565,,1970-01-02 11:44:00
1970-01-02 11:45:00,0.1875,,1970-01-02 11:45:00
1970-01-02 11:46:00,0.09090909090909091,,1970-01-02 11:46:00
1970-01-02 11:47:00,0.0,,1970-01-02 11:47:00
1970-01-02 11:48:00,0.3076923076923077,,1970-01-02 11:48:00
1970-01-02 11:49:00,0.0,,1970-01-02 11:49:00
1970-01-02 11:50:00,0.0,,1970-01-02 11:50:00
1970-01-02 11:51:00,0.16666666666666666,,1970-01-02 11:51:00
1970-01-02 11:52:00,0.16,,1970-01-02 11:52:00
1970-01-02 11:53:00,0.16666666666666666,,1970-01-02 11:53:00
1970-01-02 11:54:00,0.2,,1970-01-02 11:54:00
1970-01-02 11:55:00,0.2857142857142857,,1970-01-02 11:55:00
1970-01-02 11:56:00,0.35,,1970-01-02 11:56:00
1970-01-02 11:57:00,0.25,,1970-01-02 11:57:00
1970-01-02 11:58:00,0.19047619047619047,,1970-01-02 11:58:00
1970-01-02 11:59:00,0.13636363636363635,,1970-01-02 11:59:00
1970-01-02 12:00:00,0.20930232558139536,,1970-01-02 12:00:00
1970-01-02 12:01:00,0.0,,1970-01-02 12:01:00
1970-01-02 12:02:00,0.03125,,1970-01-02 12:02:00
1970-01-02 12:03:00,0.04878048780487805,,1970-01-02 12:03:00
1970-01-02 12:04:00,0.08571428571428572,,1970-01-02 12:04:00
1970-01-02 12:05:00,0.030303030303030304,,1970-01-02 12:05:00
1970-01-02 12:06:00,0.15384615384615385,,1970-01-02 12:06:00
1970-01-02 12:07:00,0.125,,1970-01-02 12:07:00
1970-01-02 12:08:00,0.11428571428571428,,1970-01-02 12:08:00
1970-01-02 12:09:00,0.027777777777777776,,1970-01-02 12:09:00
1970-01-02 12:10:00,0.10344827586206896,,1970-01-02 12:10:00
1970-01-02 12:11:00,0.13333333333333333,,1970-01-02 12:11:00
1970-01-02 12:12:00,0.0625,,1970-01-02 12:12:00
1970-01-02 12:13:00,0.22580645161290322,,1970-01-02 12:13:00
1970-01-02 12:14:00,0.05,,1970-01-02 12:14:00
1970-01-02 12:15:00,0.12903225806451613,,1970-01-02 12:15:00
1970-01-02 12:16:00,0.044444444444444446,,1970-01-02 12:16:00
1970-01-02 12:17:00,0.21212121212121213,,1970-01-02 12:17:00
1970-01-02 12:18:00,0.07692307692307693,,1970-01-02 12:18:00
1970-01-02 12:19:00,0.037037037037037035,,1970-01-02 12:19:00
1970-01-02 12:20:00,0.05555555555555555,,1970-01-02 12:20:00
1970-01-02 12:21:00,0.07142857142857142,,1970-01-02 12:21:00
1970-01-02 12:22:00,0.061224489795918366,,1970-01-02 12:22:00
1970-01-02 12:23:00,0.1891891891891892,,1970-01-02 12:23:00
1970-01-02 12:24:00,0.02040816326530612,,1970-01-02 12:24:00
1970-01-02 12:25:00,0.01694915254237288,,1970-01-02 12:25:00
1970-01-02 12:26:00,0.019230769230769232,,1970-01-02 12:26:00
1970-01-02 12:27:00,0.02564102564102564,,1970-01-02 12:27:00
1970-01-02 12:28:00,0.13725490196078433,,1970-01-02 12:28:00
1970-01-02 12:29:00,0.05,,1970-01-02 12:29:00
1970-01-02 12:30:00,0.06976744186046512,,1970-01-02 12:30:00
1970-01-02 12:31:00,0.0784313725490196,,1970-01-02 12:31:00
1970-01-02 12:32:00,0.18421052631578946,,1970-01-02 12:32:00
1970-01-02 12:33:00,0.10526315789473684,,1970-01-02 12:33:00
1970-01-02 12:34:00,0.12727272727272726,,1970-01-02 12:34:00
1970-01-02 12:35:00,0.05714285714285714,,1970-01-02 12:35:00
1970-01-02 12:36:00,0.0,,1970-01-02 12:36:00
1970-01-02 12:37:00,0.09803921568627451,,1970-01-02 12:37:00
1970-01-02 12:38:00,0.06382978723404255,,1970-01-02 12:38:00
1970-01-02 12:39:00,0.058823529411764705,,1970-01-02 12:39:00
1970-01-02 12:40:00,0.0975609756097561,,1970-01-02 12:40:00
1970-01-02 12:41:00,0.09523809523809523,,1970-01-02 12:41:00
1970-01-02 12:42:00,0.13432835820895522,,1970-01-02 12:42:00
1970-01-02 12:43:00,0.07042253521126761,,1970-01-02 12:43:00
1970-01-02 12:44:00,0.05263157894736842,,1970-01-02 12:44:00
1970-01-02 12:45:00,0.020833333333333332,,1970-01-02 12:45:00
1970-01-02 12:46:00,0.09433962264150944,,1970-01-02 12:46:00
1970-01-02 12:47:00,0.03636363636363636,,1970-01-02 12:47:00
1970-01-02 12:48:00,0.058823529411764705,,1970-01-02 12:48:00
1970-01-02 12:49:00,0.08695652173913043,,1970-01-02 12:49:00
1970-01-02 12:50:00,0.0375,,1970-01-02 12:50:00
1970-01-02 12:51:00,0.058823529411764705,,1970-01-02 12:51:00
1970-01-02 12:52:00,0.1836734693877551,,1970-01-02 12:52:00
1970-01-02 12:53:00,0.0945945945945946,,1970-01-02 12:53:00
1970-01-02 12:54:00,0.046153846153846156,,1970-01-02 12:54:00
1970-01-02 12:55:00,0.1111111111111111,,1970-01-02 12:55:00
1970-01-02 12:56:00,0.08433734939759036,,1970-01-02 12:56:00
1970-01-02 12:57:00,0.05405405405405406,,1970-01-02 12:57:00
1970-01-02 12:58:00,0.08974358974358974,,1970-01-02 12:58:00
1970-01-02 12:59:00,0.13157894736842105,,1970-01-02 12:59:00
1970-01-02 13:00:00,0.16129032258064516,,1970-01-02 13:00:00
1970-01-02 13:01:00,0.08571428571428572,,1970-01-02 13:01:00
1970-01-02 13:02:00,0.14925373134328357,,1970-01-02 13:02:00
1970-01-02 13:03:00,0.11764705882352941,,1970-01-02 13:03:00
1970-01-02 13:04:00,0.13333333333333333,,1970-01-02 13:04:00
1970-01-02 13:05:00,0.07142857142857142,,1970-01-02 13:05:00
1970-01-02 13:06:00,0.056338028169014086,,1970-01-02 13:06:00
1970-01-02 13:07:00,0.14666666666666667,,1970-01-02 13:07:00
1970-01-02 13:08:00,0.06666666666666667,,1970-01-02 13:08:00
1970-01-02 13:09:00,0.14814814814814814,,1970-01-02 13:09:00
1970-01-02 13:10:00,0.08641975308641975,,1970-01-02 13:10:00
1970-01-02 13:11:00,0.13432835820895522,,1970-01-02 13:11:00
1970-01-02 13:12:00,0.07894736842105263,,1970-01-02 13:12:00
1970-01-02 13:13:00,0.1506849315068493,,1970-01-02 13:13:00
1970-01-02 13:14:00,0.21212121212121213,,1970-01-02 13:14:00
1970-01-02 13:15:00,0.03773584905660377,,1970-01-02 13:15:00
1970-01-02 13:16:00,0.13432835820895522,,1970-01-02 13:16:00
1970-01-02 13:17:00,0.13043478260869565,,1970-01-02 13:17:00
1970-01-02 13:18:00,0.05194805194805195,,1970-01-02 13:18:00
1970-01-02 13:19:00,0.12658227848101267,,1970-01-02 13:19:00
1970-01-02 13:20:00,0.13114754098360656,,1970-01-02 13:20:00
1970-01-02 13:21:00,0.11842105263157894,,1970-01-02 13:21:00
1970-01-02 13:22:00,0.17647058823529413,,1970-01-02 13:22:00
1970-01-02 13:23:00,0.1,,1970-01-02 13:23:00
1970-01-02 13:24:00,0.18055555555555555,,1970-01-02 13:24:00
1970-01-02 13:25:00,0.10588235294117647,,1970-01-02 13:25:00
1970-01-02 13:26:00,0.07142857142857142,,1970-01-02 13:26:00
1970-01-02 13:27:00,0.1791044776119403,,1970-01-02 13:27:00
1970-01-02 13:28:00,0.19230769230769232,,1970-01-02 13:28:00
1970-01-02 13:29:00,0.125,,1970-01-02 13:29:00
1970-01-02 13:30:00,0.0945945945945946,,1970-01-02 13:30:00
1970-01-02 13:31:00,0.07894736842105263,,1970-01-02 13:31:00
1970-01-02 13:32:00,0.0875,,1970-01-02 13:32:00
1970-01-02 13:33:00,0.125,,1970-01-02 13:33:00
1970-01-02 13:34:00,0.0963855421686747,,1970-01-02 13:34:00
1970-01-02 13:35:00,0.05747126436781609,,1970-01-02 13:35:00
1970-01-02 13:36:00,0.18181818181818182,,1970-01-02 13:36:00
1970-01-02 13:37:00,0.05102040816326531,,1970-01-02 13:37:00
1970-01-02 13:38:00,0.08256880733944955,,1970-01-02 13:38:00
1970-01-02 13:39:00,0.09090909090909091,,1970-01-02 13:39:00
1970-01-02 13:40:00,0.15384615384615385,,1970-01-02 13:40:00
1970-01-02 13:41:00,0.07142857142857142,,1970-01-02 13:41:00
1970-01-02 13:42:00,0.13274336283185842,,1970-01-02 13:42:00
1970-01-02 13:43:00,0.12962962962962962,,1970-01-02 13:43:00
1970-01-02 13:44:00,0.08333333333333333,,1970-01-02 13:44:00
1970-01-02 13:45:00,0.14583333333333334,,1970-01-02 13:45:00
1970-01-02 13:46:00,0.0594059405940594,,1970-01-02 13:46:00
1970-01-02 13:47:00,0.15384615384615385,,1970-01-02 13:47:00
1970-01-02 13:48:00,0.12878787878787878,,1970-01-02 13:48:00
1970-01-02 13:49:00,0.21,,1970-01-02 13:49:00
1970-01-02 13:50:00,0.06451612903225806,,1970-01-02 13:50:00
1970-01-02 13:51:00,0.16666666666666666,,1970-01-02 13:51:00
1970-01-02 13:52:00,0.13559322033898305,,1970-01-02 13:52:00
1970-01-02 13:53:00,0.07518796992481203,,1970-01-02 13:53:00
1970-01-02 13:54:00,0.13675213675213677,,1970-01-02 13:54:00
1970-01-02 13:55:00,0.0975609756097561,,1970-01-02 13:55:00
1970-01-02 13:56:00,0.09322033898305085,,1970-01-02 13:56:00
1970-01-02 13:57:00,0.1743119266055046,,1970-01-02 13:57:00
1970-01-02 13:58:00,0.08527131782945736,,1970-01-02 13:58:00
1970-01-02 13:59:00,0.13392857142857142,,1970-01-02 13:59:00
1970-01-02 14:00:00,0.1,,1970-01-02 14:00:00
1970-01-02 14:01:00,0.0916030534351145,,1970-01-02 14:01:00
1970-01-02 14:02:00,0.09803921568627451,,1970-01-02 14:02:00
1970-01-02 14:03:00,0.1111111111111111,,1970-01-02 14:03:00
1970-01-02 14:04:00,0.08333333333333333,,1970-01-02 14:04:00
1970-01-02 14:05:00,0.05714285714285714,,1970-01-02 14:05:00
1970-01-02 14:06:00,0.1875,,1970-01-02 14:06:00
1970-01-02 14:07:00,0.12598425196850394,,1970-01-02 14:07:00
1970-01-02 14:08:00,0.15942028985507245,,1970-01-02 14:08:00
1970-01-02 14:09:00,0.10897435897435898,,1970-01-02 14:09:00
1970-01-02 14:10:00,0.10273972602739725,,1970-01-02 14:10:00
1970-01-02 14:11:00,0.10843373493975904,,1970-01-02 14:11:00
1970-01-02 14:12:00,0.1032258064516129,,1970-01-02 14:12:00
1970-01-02 14:13:00,0.1678832116788321,,1970-01-02 14:13:00
1970-01-02 14:14:00,0.11724137931034483,,1970-01-02 14:14:00
1970-01-02 14:15:00,0.09740259740259741,,1970-01-02 14:15:00
1970-01-02 14:16:00,0.12318840579710146,,1970-01-02 14:16:00
1970-01-02 14:17:00,0.15942028985507245,,1970-01-02 14:17:00
1970-01-02 14:18:00,0.13013698630136986,,1970-01-02 14:18:00
1970-01-02 14:19:00,0.06547619047619048,,1970-01-02 14:19:00
1970-01-02 14:20:00,0.1038961038961039,,1970-01-02 14:20:00
1970-01-02 14:21:00,0.0880503144654088,,1970-01-02 14:21:00
1970-01-02 14:22:00,0.09659090909090909,,1970-01-02 14:22:00
1970-01-02 14:23:00,0.12195121951219512,,1970-01-02 14:23:00
1970-01-02 14:24:00,0.1111111111111111,,1970-01-02 14:24:00
1970-01-02 14:25:00,0.08875739644970414,,1970-01-02 14:25:00
1970-01-02 14:26:00,0.12857142857142856,,1970-01-02 14:26:00
1970-01-02 14:27:00,0.09550561797752809,,1970-01-02 14:27:00
1970-01-02 14:28:00,0.10919540229885058,,1970-01-02 14:28:00
1970-01-02 14:29:00,0.1625,,1970-01-02 14:29:00
1970-01-02 14:30:00,0.11038961038961038,,1970-01-02 14:30:00
1970-01-02 14:31:00,0.09467455621301775,,1970-01-02 14:31:00
1970-01-02 14:32:00,0.1375,,1970-01-02 14:32:00
1970-01-02 14:33:00,0.09895833333333333,,1970-01-02 14:33:00
1970-01-02 14:34:00,0.11475409836065574,,1970-01-02 14:34:00
1970-01-02 14:35:00,0.11042944785276074,,1970-01-02 14:35:00
1970-01-02 14:36:00,0.15337423312883436,,1970-01-02 14:36:00
1970-01-02 14:37:00,0.0962566844919786,,1970-01-02 14:37:00
1970-01-02 14:38:00,0.10382513661202186,,1970-01-02 14:38:00
1970-01-02 14:39:00,0.1044776119402985,,1970-01-02 14:39:00
1970-01-02 14:40:00,0.1836734693877551,,1970-01-02 14:40:00
1970-01-02 14:41:00,0.1116751269035533,,1970-01-02 14:41:00
1970-01-02 14:42:00,0.13297872340425532,,1970-01-02 14:42:00
1970-01-02 14:43:00,0.08108108108108109,,1970-01-02 14:43:00
1970-01-02 14:44:00,0.06748466257668712,,1970-01-02 14:44:00
1970-01-02 14:45:00,0.13839285714285715,,1970-01-02 14:45:00
1970-01-02 14:46:00,0.10215053763440861,,1970-01-02 14:46:00
1970-01-02 14:47:00,0.1865671641791045,,1970-01-02 14:47:00
1970-01-02 14:48:00,0.09740259740259741,,1970-01-02 14:48:00
1970-01-02 14:49:00,0.13253012048192772,,1970-01-02 14:49:00
1970-01-02 14:50:00,0.10382513661202186,,1970-01-02 14:50:00
1970-01-02 14:51:00,0.12,,1970-01-02 14:51:00
1970-01-02 14:52:00,0.17543859649122806,,1970-01-02 14:52:00
1970-01-02 14:53:00,0.17391304347826086,,1970-01-02 14:53:00
1970-01-02 14:54:00,0.10152284263959391,,1970-01-02 14:54:00
1970-01-02 14:55:00,0.13978494623655913,,1970-01-02 14:55:00
1970-01-02 14:56:00,0.09326424870466321,,1970-01-02 14:56:00
1970-01-02 14:57:00,0.0871559633027523,,1970-01-02 14:57:00
1970-01-02 14:58:00,0.12322274881516587,,1970-01-02 14:58:00
1970-01-02 14:59:00,0.12745098039215685,,1970-01-02 14:59:00
1970-01-02 15:00:00,0.14136125654450263,,1970-01-02 15:00:00
1970-01-02 15:01:00,0.13690476190476192,,1970-01-02 15:01:00
1970-01-02 15:02:00,0.125,,1970-01-02 15:02:00
1970-01-02 15:03:00,0.125,,1970-01-02 15:03:00
1970-01-02 15:04:00,0.18471337579617833,,1970-01-02 15:04:00
1970-01-02 15:05:00,0.11004784688995216,,1970-01-02 15:05:00
1970-01-02 15:06:00,0.11904761904761904,,1970-01-02 15:06:00
1970-01-02 15:07:00,0.11398963730569948,,1970-01-02 15:07:00
1970-01-02 15:08:00,0.14427860696517414,,1970-01-02 15:08:00
1970-01-02 15:09:00,0.1145374449339207,,1970-01-02 15:09:00
1970-01-02 15:10:00,0.1366120218579235,,1970-01-02 15:10:00
1970-01-02 15:11:00,0.16304347826086957,,1970-01-02 15:11:00
1970-01-02 15:12:00,0.13333333333333333,,1970-01-02 15:12:00
1970-01-02 15:13:00,0.1497005988023952,,1970-01-02 15:13:00
1970-01-02 15:14:00,0.1507537688442211,,1970-01-02 15:14:00
1970-01-02 15:15:00,0.15763546798029557,,1970-01-02 15:15:00
1970-01-02 15:16:00,0.09137055837563451,,1970-01-02 15:16:00
1970-01-02 15:17:00,0.15422885572139303,,1970-01-02 15:17:00
1970-01-02 15:18:00,0.10833333333333334,,1970-01-02 15:18:00
1970-01-02 15:19:00,0.1073170731707317,,1970-01-02 15:19:00
1970-01-02 15:20:00,0.13302752293577982,,1970-01-02 15:20:00
1970-01-02 15:21:00,0.1277533039647577,,1970-01-02 15:21:00
1970-01-02 15:22:00,0.125,,1970-01-02 15:22:00
1970-01-02 15:23:00,0.15668202764976957,,1970-01-02 15:23:00
1970-01-02 15:24:00,0.12184873949579832,,1970-01-02 15:24:00
1970-01-02 15:25:00,0.11794871794871795,,1970-01-02 15:25:00
1970-01-02 15:26:00,0.11616161616161616,,1970-01-02 15:26:00
1970-01-02 15:27:00,0.15,,1970-01-02 15:27:00
1970-01-02 15:28:00,0.16740088105726872,,1970-01-02 15:28:00
1970-01-02 15:29:00,0.13761467889908258,,1970-01-02 15:29:00
1970-01-02 15:30:00,0.12745098039215685,,1970-01-02 15:30:00
1970-01-02 15:31:00,0.19213973799126638,,1970-01-02 15:31:00
1970-01-02 15:32:00,0.10822510822510822,,1970-01-02 15:32:00
1970-01-02 15:33:00,0.15508021390374332,,1970-01-02 15:33:00
1970-01-02 15:34:00,0.12121212121212122,,1970-01-02 15:34:00
1970-01-02 15:35:00,0.09821428571428571,,1970-01-02 15:35:00
1970-01-02 15:36:00,0.1282051282051282,,1970-01-02 15:36:00
1970-01-02 15:37:00,0.12608695652173912,,1970-01-02 15:37:00
1970-01-02 15:38:00,0.1,,1970-01-02 15:38:00
1970-01-02 15:39:00,0.09545454545454546,,1970-01-02 15:39:00
1970-01-02 15:40:00,0.11440677966101695,,1970-01-02 15:40:00
1970-01-02 15:41:00,0.19090909090909092,,1970-01-02 15:41:00
1970-01-02 15:42:00,0.13777777777777778,,1970-01-02 15:42:00
1970-01-02 15:43:00,0.1050228310502283,,1970-01-02 15:43:00
1970-01-02 15:44:00,0.1274131274131274,,1970-01-02 15:44:00
1970-01-02 15:45:00,0.1206896551724138,,1970-01-02 15:45:00
1970-01-02 15:46:00,0.13170731707317074,,1970-01-02 15:46:00
1970-01-02 15:47:00,0.16740088105726872,,1970-01-02 15:47:00
1970-01-02 15:48:00,0.09821428571428571,,1970-01-02 15:48:00
1970-01-02 15:49:00,0.15422885572139303,,1970-01-02 15:49:00
1970-01-02 15:50:00,0.17452830188679244,,1970-01-02 15:50:00
1970-01-02 15:51:00,0.15765765765765766,,1970-01-02 15:51:00
1970-01-02 15:52:00,0.09328358208955224,,1970-01-02 15:52:00
1970-01-02 15:53:00,0.14912280701754385,,1970-01-02 15:53:00
1970-01-02 15:54:00,0.14537444933920704,,1970-01-02 15:54:00
1970-01-02 15:55:00,0.1415525114155251,,1970-01-02 15:55:00
1970-01-02 15:56:00,0.16796875,,1970-01-02 15:56:00
1970-01-02 15:57:00,0.11029411764705882,,1970-01-02 15:57:00
1970-01-02 15:58:00,0.12903225806451613,,1970-01-02 15:58:00
1970-01-02 15:59:00,0.14285714285714285,,1970-01-02 15:59:00
1970-01-02 16:00:00,0.18828451882845187,,1970-01-02 16:00:00
1970-01-02 16:01:00,0.1336206896551724,,1970-01-02 16:01:00
1970-01-02 16:02:00,0.2017167381974249,,1970-01-02 16:02:00
1970-01-02 16:03:00,0.15695067264573992,,1970-01-02 16:03:00
1970-01-02 16:04:00,0.10909090909090909,,1970-01-02 16:04:00
1970-01-02 16:05:00,0.2072072072072072,,1970-01-02 16:05:00
1970-01-02 16:06:00,0.19523809523809524,,1970-01-02 16:06:00
1970-01-02 16:07:00,0.11382113821138211,,1970-01-02 16:07:00
1970-01-02 16:08:00,0.17796610169491525,,1970-01-02 16:08:00
1970-01-02 16:09:00,0.1346938775510204,,1970-01-02 16:09:00
1970-01-02 16:10:00,0.09090909090909091,,1970-01-02 16:10:00
1970-01-02 16:11:00,0.15450643776824036,,1970-01-02 16:11:00
1970-01-02 16:12:00,0.12658227848101267,,1970-01-02 16:12:00
1970-01-02 16:13:00,0.14537444933920704,,1970-01-02 16:13:00
1970-01-02 16:14:00,0.08502024291497975,,1970-01-02 16:14:00
1970-01-02 16:15:00,0.08936170212765958,,1970-01-02 16:15:00
1970-01-02 16:16:00,0.12109375,,1970-01-02 16:16:00
1970-01-02 16:17:00,0.16379310344827586,,1970-01-02 16:17:00
1970-01-02 16:18:00,0.14285714285714285,,1970-01-02 16:18:00
1970-01-02 16:19:00,0.12,,1970-01-02 16:19:00
1970-01-02 16:20:00,0.15354330708661418,,1970-01-02 16:20:00
1970-01-02 16:21:00,0.1446280991735537,,1970-01-02 16:21:00
1970-01-02 16:22:00,0.12307692307692308,,1970-01-02 16:22:00
1970-01-02 16:23:00,0.1350210970464135,,1970-01-02 16:23:00
1970-01-02 16:24:00,0.1583710407239819,,1970-01-02 16:24:00
1970-01-02 16:25:00,0.18777292576419213,,1970-01-02 16:25:00
1970-01-02 16:26:00,0.12301587301587301,,1970-01-02 16:26:00
1970-01-02 16:27:00,0.16129032258064516,,1970-01-02 16:27:00
1970-01-02 16:28:00,0.17488789237668162,,1970-01-02 16:28:00
1970-01-02 16:29:00,0.12406015037593984,,1970-01-02 16:29:00
1970-01-02 16:30:00,0.1446280991735537,,1970-01-02 16:30:00
1970-01-02 16:31:00,0.17829457364341086,,1970-01-02 16:31:00
1970-01-02 16:32:00,0.15625,,1970-01-02 16:32:00
1970-01-02 16:33:00,0.16129032258064516,,1970-01-02 16:33:00
1970-01-02 16:34:00,0.1440329218106996,,1970-01-02 16:34:00
1970-01-02 16:35:00,0.16049382716049382,,1970-01-02 16:35:00
1970-01-02 16:36:00,0.16049382716049382,,1970-01-02 16:36:00
1970-01-02 16:37:00,0.12790697674418605,,1970-01-02 16:37:00
1970-01-02 16:38:00,0.18181818181818182,,1970-01-02 16:38:00
1970-01-02 16:39:00,0.1625,,1970-01-02 16:39:00
